Entry_type,Case_identifier,Activity,Timestamp,Resource,Start_time,Duration,Result,Quality
ENVIRONMENT,,20 tasks loaded,2023-01-03T07:56:49,task.TaskSetArtifact,,,,
MANAGEMENT,,Agent started,2023-01-03T07:56:54,mona,,,,
MANAGEMENT,,"Unspecified agent type, no learning of initial knowledge",2023-01-03T07:56:54,mona,,,,
MONITORING,,Number of HA assistance requests,2023-01-03T07:56:55,mona,,,0,
MONITORING,,Number of CSA teaching requests,2023-01-03T07:56:55,mona,,,0,
MANAGEMENT,,Agent started,2023-01-03T07:58:03,csa,,,,
MANAGEMENT,,Agent started,2023-01-03T07:58:03,ht,,,,
MANAGEMENT,,Loading initial knowledge,2023-01-03T07:58:05,csa,,,,
MANAGEMENT,,Loading initial knowledge,2023-01-03T07:58:05,ht,,,,
MANAGEMENT,,Domain knowledge learned (Closed-ended questions not yet corrected),2023-01-03T07:58:07,csa,,,SUCCESS,
MANAGEMENT,,Domain knowledge learned (Answer groups for open-ended questions not determined),2023-01-03T07:58:08,csa,,,SUCCESS,
MANAGEMENT,,Domain knowledge learned (Open-ended questions not yet corrected),2023-01-03T07:58:11,csa,,,SUCCESS,
MANAGEMENT,,Domain knowledge learned (Open-ended questions not yet corrected),2023-01-03T07:58:11,ht,,,SUCCESS,
MANAGEMENT,,Domain knowledge learned (Total points not counted),2023-01-03T07:58:12,csa,,,SUCCESS,
MANAGEMENT,,Starting break,2023-01-03T07:58:13,ht,,,,
ENVIRONMENT,task_0001,New task: Correct exam paper,2023-01-03T08:00:01,task.TaskArtifact,,,,
ENVIRONMENT,task_0001,New situation: Closed-ended questions not yet corrected,2023-01-03T08:00:01,task.TaskArtifact,,,,
ENVIRONMENT,task_0002,New task: Correct exam paper,2023-01-03T08:00:01,task.TaskArtifact,,,,
ENVIRONMENT,task_0002,New situation: Closed-ended questions not yet corrected,2023-01-03T08:00:01,task.TaskArtifact,,,,
ENVIRONMENT,task_0001,New situation: Answer groups for open-ended questions not determined,2023-01-03T08:00:01,task.TaskArtifact,,,,
ENVIRONMENT,task_0003,New task: Correct exam paper,2023-01-03T08:00:01,task.TaskArtifact,,,,
ENVIRONMENT,task_0002,New situation: Answer groups for open-ended questions not determined,2023-01-03T08:00:01,task.TaskArtifact,,,,
ENVIRONMENT,task_0003,New situation: Closed-ended questions not yet corrected,2023-01-03T08:00:01,task.TaskArtifact,,,,
ENVIRONMENT,task_0004,New task: Correct exam paper,2023-01-03T08:00:01,task.TaskArtifact,,,,
ENVIRONMENT,task_0003,New situation: Answer groups for open-ended questions not determined,2023-01-03T08:00:01,task.TaskArtifact,,,,
ENVIRONMENT,task_0004,New situation: Closed-ended questions not yet corrected,2023-01-03T08:00:01,task.TaskArtifact,,,,
ENVIRONMENT,task_0004,New situation: Answer groups for open-ended questions not determined,2023-01-03T08:00:01,task.TaskArtifact,,,,
ENVIRONMENT,task_0005,New task: Correct exam paper,2023-01-03T08:00:01,task.TaskArtifact,,,,
ENVIRONMENT,task_0005,New situation: Closed-ended questions not yet corrected,2023-01-03T08:00:01,task.TaskArtifact,,,,
ENVIRONMENT,task_0005,New situation: Answer groups for open-ended questions not determined,2023-01-03T08:00:01,task.TaskArtifact,,,,
ENVIRONMENT,task_0006,New task: Correct exam paper,2023-01-03T08:00:01,task.TaskArtifact,,,,
ENVIRONMENT,task_0006,New situation: Closed-ended questions not yet corrected,2023-01-03T08:00:02,task.TaskArtifact,,,,
MANAGEMENT,task_0001,"Adding to blackboard: task_in_focus with details [csa,""task_0001""]",2023-01-03T08:00:02,csa,,,,
ENVIRONMENT,task_0006,New situation: Answer groups for open-ended questions not determined,2023-01-03T08:00:02,task.TaskArtifact,,,,
ENVIRONMENT,task_0007,New task: Correct exam paper,2023-01-03T08:00:02,task.TaskArtifact,,,,
ENVIRONMENT,task_0007,New situation: Closed-ended questions not yet corrected,2023-01-03T08:00:02,task.TaskArtifact,,,,
ENVIRONMENT,task_0007,New situation: Answer groups for open-ended questions not determined,2023-01-03T08:00:02,task.TaskArtifact,,,,
ENVIRONMENT,task_0008,New task: Correct exam paper,2023-01-03T08:00:02,task.TaskArtifact,,,,
ENVIRONMENT,task_0008,New situation: Closed-ended questions not yet corrected,2023-01-03T08:00:02,task.TaskArtifact,,,,
ENVIRONMENT,task_0008,New situation: Answer groups for open-ended questions not determined,2023-01-03T08:00:02,task.TaskArtifact,,,,
ENVIRONMENT,task_0009,New task: Correct exam paper,2023-01-03T08:00:02,task.TaskArtifact,,,,
DOMAIN,task_0001,Initiating task evaluation,2023-01-03T08:00:02,csa,,,,
ENVIRONMENT,task_0009,New situation: Closed-ended questions not yet corrected,2023-01-03T08:00:02,task.TaskArtifact,,,,
ENVIRONMENT,task_0009,New situation: Answer groups for open-ended questions not determined,2023-01-03T08:00:02,task.TaskArtifact,,,,
ENVIRONMENT,task_0010,New task: Correct exam paper,2023-01-03T08:00:02,task.TaskArtifact,,,,
ENVIRONMENT,task_0010,New situation: Closed-ended questions not yet corrected,2023-01-03T08:00:03,task.TaskArtifact,,,,
ENVIRONMENT,task_0010,New situation: Answer groups for open-ended questions not determined,2023-01-03T08:00:03,task.TaskArtifact,,,,
ENVIRONMENT,task_0011,New task: Correct exam paper,2023-01-03T08:00:03,task.TaskArtifact,,,,
ENVIRONMENT,task_0011,New situation: Closed-ended questions not yet corrected,2023-01-03T08:00:03,task.TaskArtifact,,,,
ENVIRONMENT,task_0011,New situation: Answer groups for open-ended questions not determined,2023-01-03T08:00:03,task.TaskArtifact,,,,
ENVIRONMENT,task_0012,New task: Correct exam paper,2023-01-03T08:00:03,task.TaskArtifact,,,,
ENVIRONMENT,task_0012,New situation: Closed-ended questions not yet corrected,2023-01-03T08:00:03,task.TaskArtifact,,,,
ENVIRONMENT,task_0012,New situation: Answer groups for open-ended questions not determined,2023-01-03T08:00:03,task.TaskArtifact,,,,
ENVIRONMENT,task_0013,New task: Correct exam paper,2023-01-03T08:00:03,task.TaskArtifact,,,,
ENVIRONMENT,task_0013,New situation: Closed-ended questions not yet corrected,2023-01-03T08:00:03,task.TaskArtifact,,,,
ENVIRONMENT,task_0013,New situation: Answer groups for open-ended questions not determined,2023-01-03T08:00:03,task.TaskArtifact,,,,
ENVIRONMENT,task_0014,New task: Correct exam paper,2023-01-03T08:00:03,task.TaskArtifact,,,,
ENVIRONMENT,task_0014,New situation: Closed-ended questions not yet corrected,2023-01-03T08:00:03,task.TaskArtifact,,,,
ENVIRONMENT,task_0014,New situation: Answer groups for open-ended questions not determined,2023-01-03T08:00:03,task.TaskArtifact,,,,
ENVIRONMENT,task_0015,New task: Correct exam paper,2023-01-03T08:00:03,task.TaskArtifact,,,,
ENVIRONMENT,task_0015,New situation: Closed-ended questions not yet corrected,2023-01-03T08:00:04,task.TaskArtifact,,,,
ENVIRONMENT,task_0015,New situation: Answer groups for open-ended questions not determined,2023-01-03T08:00:04,task.TaskArtifact,,,,
ENVIRONMENT,task_0016,New task: Correct exam paper,2023-01-03T08:00:04,task.TaskArtifact,,,,
ENVIRONMENT,task_0016,New situation: Closed-ended questions not yet corrected,2023-01-03T08:00:04,task.TaskArtifact,,,,
ENVIRONMENT,task_0017,New task: Correct exam paper,2023-01-03T08:00:04,task.TaskArtifact,,,,
ENVIRONMENT,task_0016,New situation: Answer groups for open-ended questions not determined,2023-01-03T08:00:04,task.TaskArtifact,,,,
ENVIRONMENT,task_0017,New situation: Closed-ended questions not yet corrected,2023-01-03T08:00:04,task.TaskArtifact,,,,
ENVIRONMENT,task_0017,New situation: Answer groups for open-ended questions not determined,2023-01-03T08:00:04,task.TaskArtifact,,,,
ENVIRONMENT,task_0018,New task: Correct exam paper,2023-01-03T08:00:04,task.TaskArtifact,,,,
ENVIRONMENT,task_0018,New situation: Closed-ended questions not yet corrected,2023-01-03T08:00:04,task.TaskArtifact,,,,
ENVIRONMENT,task_0018,New situation: Answer groups for open-ended questions not determined,2023-01-03T08:00:04,task.TaskArtifact,,,,
ENVIRONMENT,task_0019,New task: Correct exam paper,2023-01-03T08:00:04,task.TaskArtifact,,,,
ENVIRONMENT,task_0019,New situation: Closed-ended questions not yet corrected,2023-01-03T08:00:04,task.TaskArtifact,,,,
ENVIRONMENT,task_0019,New situation: Answer groups for open-ended questions not determined,2023-01-03T08:00:05,task.TaskArtifact,,,,
ENVIRONMENT,task_0020,New task: Correct exam paper,2023-01-03T08:00:05,task.TaskArtifact,,,,
ENVIRONMENT,task_0020,New situation: Closed-ended questions not yet corrected,2023-01-03T08:00:05,task.TaskArtifact,,,,
ENVIRONMENT,task_0020,New situation: Answer groups for open-ended questions not determined,2023-01-03T08:00:05,task.TaskArtifact,,,,
DOMAIN,task_0001,Evaluated situations,2023-01-03T08:00:06,csa,2023-01-03T08:00:02,4.680,"[""Answer groups for open-ended questions not determined"",""Closed-ended questions not yet corrected""]",
MANAGEMENT,task_0001,"Removing from blackboard: task_in_focus with details [csa,""task_0001""]",2023-01-03T08:00:07,csa,,,,
MANAGEMENT,task_0002,"Adding to blackboard: task_in_focus with details [csa,""task_0002""]",2023-01-03T08:00:08,csa,,,,
DOMAIN,task_0002,Initiating task evaluation,2023-01-03T08:00:08,csa,,,,
DOMAIN,task_0002,Evaluated situations,2023-01-03T08:00:10,csa,2023-01-03T08:00:07,2.080,"[""Answer groups for open-ended questions not determined"",""Closed-ended questions not yet corrected""]",
MANAGEMENT,task_0002,"Removing from blackboard: task_in_focus with details [csa,""task_0002""]",2023-01-03T08:00:10,csa,,,,
MANAGEMENT,task_0003,"Adding to blackboard: task_in_focus with details [csa,""task_0003""]",2023-01-03T08:00:11,csa,,,,
DOMAIN,task_0003,Initiating task evaluation,2023-01-03T08:00:11,csa,,,,
DOMAIN,task_0003,Evaluated situations,2023-01-03T08:00:13,csa,2023-01-03T08:00:10,2.210,"[""Answer groups for open-ended questions not determined"",""Closed-ended questions not yet corrected""]",
MANAGEMENT,task_0003,"Removing from blackboard: task_in_focus with details [csa,""task_0003""]",2023-01-03T08:00:13,csa,,,,
MANAGEMENT,task_0004,"Adding to blackboard: task_in_focus with details [csa,""task_0004""]",2023-01-03T08:00:14,csa,,,,
DOMAIN,task_0004,Initiating task evaluation,2023-01-03T08:00:14,csa,,,,
DOMAIN,task_0004,Evaluated situations,2023-01-03T08:00:16,csa,2023-01-03T08:00:13,2.600,"[""Answer groups for open-ended questions not determined"",""Closed-ended questions not yet corrected""]",
MANAGEMENT,task_0004,"Removing from blackboard: task_in_focus with details [csa,""task_0004""]",2023-01-03T08:00:16,csa,,,,
MANAGEMENT,task_0005,"Adding to blackboard: task_in_focus with details [csa,""task_0005""]",2023-01-03T08:00:17,csa,,,,
DOMAIN,task_0005,Initiating task evaluation,2023-01-03T08:00:17,csa,,,,
DOMAIN,task_0005,Evaluated situations,2023-01-03T08:00:19,csa,2023-01-03T08:00:16,2.470,"[""Answer groups for open-ended questions not determined"",""Closed-ended questions not yet corrected""]",
MANAGEMENT,task_0005,"Removing from blackboard: task_in_focus with details [csa,""task_0005""]",2023-01-03T08:00:19,csa,,,,
MANAGEMENT,task_0006,"Adding to blackboard: task_in_focus with details [csa,""task_0006""]",2023-01-03T08:00:20,csa,,,,
DOMAIN,task_0006,Initiating task evaluation,2023-01-03T08:00:20,csa,,,,
DOMAIN,task_0006,Evaluated situations,2023-01-03T08:00:22,csa,2023-01-03T08:00:20,1.950,"[""Answer groups for open-ended questions not determined"",""Closed-ended questions not yet corrected""]",
MANAGEMENT,task_0006,"Removing from blackboard: task_in_focus with details [csa,""task_0006""]",2023-01-03T08:00:22,csa,,,,
MANAGEMENT,task_0007,"Adding to blackboard: task_in_focus with details [csa,""task_0007""]",2023-01-03T08:00:23,csa,,,,
DOMAIN,task_0007,Initiating task evaluation,2023-01-03T08:00:23,csa,,,,
DOMAIN,task_0007,Evaluated situations,2023-01-03T08:00:24,csa,2023-01-03T08:00:22,1.690,"[""Answer groups for open-ended questions not determined"",""Closed-ended questions not yet corrected""]",
MANAGEMENT,task_0007,"Removing from blackboard: task_in_focus with details [csa,""task_0007""]",2023-01-03T08:00:25,csa,,,,
MANAGEMENT,task_0008,"Adding to blackboard: task_in_focus with details [csa,""task_0008""]",2023-01-03T08:00:25,csa,,,,
DOMAIN,task_0008,Initiating task evaluation,2023-01-03T08:00:26,csa,,,,
DOMAIN,task_0008,Evaluated situations,2023-01-03T08:00:27,csa,2023-01-03T08:00:24,2.600,"[""Answer groups for open-ended questions not determined"",""Closed-ended questions not yet corrected""]",
MANAGEMENT,task_0008,"Removing from blackboard: task_in_focus with details [csa,""task_0008""]",2023-01-03T08:00:27,csa,,,,
MANAGEMENT,task_0009,"Adding to blackboard: task_in_focus with details [csa,""task_0009""]",2023-01-03T08:00:28,csa,,,,
DOMAIN,task_0009,Initiating task evaluation,2023-01-03T08:00:28,csa,,,,
DOMAIN,task_0009,Evaluated situations,2023-01-03T08:00:30,csa,2023-01-03T08:00:27,2.210,"[""Answer groups for open-ended questions not determined"",""Closed-ended questions not yet corrected""]",
MANAGEMENT,task_0009,"Removing from blackboard: task_in_focus with details [csa,""task_0009""]",2023-01-03T08:00:30,csa,,,,
MANAGEMENT,task_0010,"Adding to blackboard: task_in_focus with details [csa,""task_0010""]",2023-01-03T08:00:31,csa,,,,
DOMAIN,task_0010,Initiating task evaluation,2023-01-03T08:00:31,csa,,,,
DOMAIN,task_0010,Evaluated situations,2023-01-03T08:00:32,csa,2023-01-03T08:00:30,2.080,"[""Answer groups for open-ended questions not determined"",""Closed-ended questions not yet corrected""]",
MANAGEMENT,task_0010,"Removing from blackboard: task_in_focus with details [csa,""task_0010""]",2023-01-03T08:00:33,csa,,,,
MANAGEMENT,task_0011,"Adding to blackboard: task_in_focus with details [csa,""task_0011""]",2023-01-03T08:00:33,csa,,,,
DOMAIN,task_0011,Initiating task evaluation,2023-01-03T08:00:34,csa,,,,
DOMAIN,task_0011,Evaluated situations,2023-01-03T08:00:35,csa,2023-01-03T08:00:33,2.080,"[""Answer groups for open-ended questions not determined"",""Closed-ended questions not yet corrected""]",
MANAGEMENT,task_0011,"Removing from blackboard: task_in_focus with details [csa,""task_0011""]",2023-01-03T08:00:36,csa,,,,
MANAGEMENT,task_0012,"Adding to blackboard: task_in_focus with details [csa,""task_0012""]",2023-01-03T08:00:36,csa,,,,
DOMAIN,task_0012,Initiating task evaluation,2023-01-03T08:00:36,csa,,,,
DOMAIN,task_0012,Evaluated situations,2023-01-03T08:00:38,csa,2023-01-03T08:00:36,1.690,"[""Answer groups for open-ended questions not determined"",""Closed-ended questions not yet corrected""]",
MANAGEMENT,task_0012,"Removing from blackboard: task_in_focus with details [csa,""task_0012""]",2023-01-03T08:00:38,csa,,,,
MANAGEMENT,task_0013,"Adding to blackboard: task_in_focus with details [csa,""task_0013""]",2023-01-03T08:00:39,csa,,,,
DOMAIN,task_0013,Initiating task evaluation,2023-01-03T08:00:39,csa,,,,
DOMAIN,task_0013,Evaluated situations,2023-01-03T08:00:40,csa,2023-01-03T08:00:38,2.470,"[""Answer groups for open-ended questions not determined"",""Closed-ended questions not yet corrected""]",
MANAGEMENT,task_0013,"Removing from blackboard: task_in_focus with details [csa,""task_0013""]",2023-01-03T08:00:41,csa,,,,
MANAGEMENT,task_0014,"Adding to blackboard: task_in_focus with details [csa,""task_0014""]",2023-01-03T08:00:42,csa,,,,
DOMAIN,task_0014,Initiating task evaluation,2023-01-03T08:00:42,csa,,,,
DOMAIN,task_0014,Evaluated situations,2023-01-03T08:00:43,csa,2023-01-03T08:00:41,2.210,"[""Answer groups for open-ended questions not determined"",""Closed-ended questions not yet corrected""]",
MANAGEMENT,task_0014,"Removing from blackboard: task_in_focus with details [csa,""task_0014""]",2023-01-03T08:00:43,csa,,,,
MANAGEMENT,task_0015,"Adding to blackboard: task_in_focus with details [csa,""task_0015""]",2023-01-03T08:00:44,csa,,,,
DOMAIN,task_0015,Initiating task evaluation,2023-01-03T08:00:45,csa,,,,
DOMAIN,task_0015,Evaluated situations,2023-01-03T08:00:46,csa,2023-01-03T08:00:44,2.470,"[""Answer groups for open-ended questions not determined"",""Closed-ended questions not yet corrected""]",
MANAGEMENT,task_0015,"Removing from blackboard: task_in_focus with details [csa,""task_0015""]",2023-01-03T08:00:46,csa,,,,
MANAGEMENT,task_0016,"Adding to blackboard: task_in_focus with details [csa,""task_0016""]",2023-01-03T08:00:47,csa,,,,
DOMAIN,task_0016,Initiating task evaluation,2023-01-03T08:00:48,csa,,,,
DOMAIN,task_0016,Evaluated situations,2023-01-03T08:00:49,csa,2023-01-03T08:00:47,2.340,"[""Answer groups for open-ended questions not determined"",""Closed-ended questions not yet corrected""]",
MANAGEMENT,task_0016,"Removing from blackboard: task_in_focus with details [csa,""task_0016""]",2023-01-03T08:00:49,csa,,,,
MANAGEMENT,task_0017,"Adding to blackboard: task_in_focus with details [csa,""task_0017""]",2023-01-03T08:00:50,csa,,,,
DOMAIN,task_0017,Initiating task evaluation,2023-01-03T08:00:51,csa,,,,
DOMAIN,task_0017,Evaluated situations,2023-01-03T08:00:52,csa,2023-01-03T08:00:50,1.560,"[""Answer groups for open-ended questions not determined"",""Closed-ended questions not yet corrected""]",
MANAGEMENT,task_0017,"Removing from blackboard: task_in_focus with details [csa,""task_0017""]",2023-01-03T08:00:52,csa,,,,
MANAGEMENT,task_0018,"Adding to blackboard: task_in_focus with details [csa,""task_0018""]",2023-01-03T08:00:53,csa,,,,
DOMAIN,task_0018,Initiating task evaluation,2023-01-03T08:00:53,csa,,,,
DOMAIN,task_0018,Evaluated situations,2023-01-03T08:00:55,csa,2023-01-03T08:00:52,2.470,"[""Answer groups for open-ended questions not determined"",""Closed-ended questions not yet corrected""]",
MANAGEMENT,task_0018,"Removing from blackboard: task_in_focus with details [csa,""task_0018""]",2023-01-03T08:00:55,csa,,,,
MANAGEMENT,task_0019,"Adding to blackboard: task_in_focus with details [csa,""task_0019""]",2023-01-03T08:00:57,csa,,,,
DOMAIN,task_0019,Initiating task evaluation,2023-01-03T08:00:57,csa,,,,
DOMAIN,task_0019,Evaluated situations,2023-01-03T08:00:58,csa,2023-01-03T08:00:56,2.210,"[""Answer groups for open-ended questions not determined"",""Closed-ended questions not yet corrected""]",
MANAGEMENT,task_0019,"Removing from blackboard: task_in_focus with details [csa,""task_0019""]",2023-01-03T08:00:59,csa,,,,
MANAGEMENT,task_0020,"Adding to blackboard: task_in_focus with details [csa,""task_0020""]",2023-01-03T08:00:59,csa,,,,
DOMAIN,task_0020,Initiating task evaluation,2023-01-03T08:01:00,csa,,,,
DOMAIN,task_0020,Evaluated situations,2023-01-03T08:01:01,csa,2023-01-03T08:00:59,2.080,"[""Answer groups for open-ended questions not determined"",""Closed-ended questions not yet corrected""]",
MANAGEMENT,task_0001,Initiating operation: Identify answer groups for open-ended questions,2023-01-03T08:01:01,csa,,,,
MANAGEMENT,task_0002,Initiating operation: Identify answer groups for open-ended questions,2023-01-03T08:01:03,csa,,,,
MANAGEMENT,task_0003,Initiating operation: Identify answer groups for open-ended questions,2023-01-03T08:01:03,csa,,,,
MANAGEMENT,task_0004,Initiating operation: Identify answer groups for open-ended questions,2023-01-03T08:01:03,csa,,,,
MANAGEMENT,task_0005,Initiating operation: Identify answer groups for open-ended questions,2023-01-03T08:01:03,csa,,,,
MANAGEMENT,task_0006,Initiating operation: Identify answer groups for open-ended questions,2023-01-03T08:01:03,csa,,,,
MANAGEMENT,task_0007,Initiating operation: Identify answer groups for open-ended questions,2023-01-03T08:01:03,csa,,,,
MANAGEMENT,task_0008,Initiating operation: Identify answer groups for open-ended questions,2023-01-03T08:01:03,csa,,,,
MANAGEMENT,task_0009,Initiating operation: Identify answer groups for open-ended questions,2023-01-03T08:01:03,csa,,,,
MANAGEMENT,task_0010,Initiating operation: Identify answer groups for open-ended questions,2023-01-03T08:01:03,csa,,,,
MANAGEMENT,task_0011,Initiating operation: Identify answer groups for open-ended questions,2023-01-03T08:01:03,csa,,,,
MANAGEMENT,task_0012,Initiating operation: Identify answer groups for open-ended questions,2023-01-03T08:01:03,csa,,,,
MANAGEMENT,task_0013,Initiating operation: Identify answer groups for open-ended questions,2023-01-03T08:01:04,csa,,,,
MANAGEMENT,task_0014,Initiating operation: Identify answer groups for open-ended questions,2023-01-03T08:01:04,csa,,,,
MANAGEMENT,task_0016,Initiating operation: Identify answer groups for open-ended questions,2023-01-03T08:01:04,csa,,,,
MANAGEMENT,task_0017,Initiating operation: Identify answer groups for open-ended questions,2023-01-03T08:01:04,csa,,,,
MANAGEMENT,task_0018,Initiating operation: Identify answer groups for open-ended questions,2023-01-03T08:01:04,csa,,,,
MANAGEMENT,task_0015,Initiating operation: Identify answer groups for open-ended questions,2023-01-03T08:01:04,csa,,,,
MANAGEMENT,task_0019,Initiating operation: Identify answer groups for open-ended questions,2023-01-03T08:01:04,csa,,,,
MANAGEMENT,task_0020,Initiating operation: Identify answer groups for open-ended questions,2023-01-03T08:01:04,csa,,,,
ENVIRONMENT,task_0001,New situation: Open-ended questions not yet corrected,2023-01-03T08:01:08,task.TaskArtifact,,,,
DOMAIN,task_0001,Identify answer groups for open-ended questions,2023-01-03T08:01:09,csa,2023-01-03T08:01:01,7.670,SUCCESS,1.000
MANAGEMENT,task_0020,"Removing from blackboard: task_in_focus with details [csa,""task_0020""]",2023-01-03T08:01:09,csa,,,,
ENVIRONMENT,task_0005,New situation: Open-ended questions not yet corrected,2023-01-03T08:01:09,task.TaskArtifact,,,,
ENVIRONMENT,task_0004,New situation: Open-ended questions not yet corrected,2023-01-03T08:01:09,task.TaskArtifact,,,,
ENVIRONMENT,task_0003,New situation: Open-ended questions not yet corrected,2023-01-03T08:01:09,task.TaskArtifact,,,,
ENVIRONMENT,task_0002,New situation: Open-ended questions not yet corrected,2023-01-03T08:01:09,task.TaskArtifact,,,,
ENVIRONMENT,task_0006,New situation: Open-ended questions not yet corrected,2023-01-03T08:01:09,task.TaskArtifact,,,,
MANAGEMENT,task_0001,"Adding to blackboard: task_in_focus with details [csa,""task_0001""]",2023-01-03T08:01:09,csa,,,,
ENVIRONMENT,task_0007,New situation: Open-ended questions not yet corrected,2023-01-03T08:01:11,task.TaskArtifact,,,,
ENVIRONMENT,task_0009,New situation: Open-ended questions not yet corrected,2023-01-03T08:01:11,task.TaskArtifact,,,,
ENVIRONMENT,task_0014,New situation: Open-ended questions not yet corrected,2023-01-03T08:01:11,task.TaskArtifact,,,,
ENVIRONMENT,task_0013,New situation: Open-ended questions not yet corrected,2023-01-03T08:01:11,task.TaskArtifact,,,,
ENVIRONMENT,task_0008,New situation: Open-ended questions not yet corrected,2023-01-03T08:01:11,task.TaskArtifact,,,,
ENVIRONMENT,task_0010,New situation: Open-ended questions not yet corrected,2023-01-03T08:01:11,task.TaskArtifact,,,,
ENVIRONMENT,task_0011,New situation: Open-ended questions not yet corrected,2023-01-03T08:01:11,task.TaskArtifact,,,,
ENVIRONMENT,task_0012,New situation: Open-ended questions not yet corrected,2023-01-03T08:01:11,task.TaskArtifact,,,,
ENVIRONMENT,task_0015,New situation: Open-ended questions not yet corrected,2023-01-03T08:01:11,task.TaskArtifact,,,,
DOMAIN,task_0001,Initiating task evaluation,2023-01-03T08:01:11,csa,,,,
ENVIRONMENT,task_0016,New situation: Open-ended questions not yet corrected,2023-01-03T08:01:11,task.TaskArtifact,,,,
ENVIRONMENT,task_0019,New situation: Open-ended questions not yet corrected,2023-01-03T08:01:11,task.TaskArtifact,,,,
ENVIRONMENT,task_0018,New situation: Open-ended questions not yet corrected,2023-01-03T08:01:11,task.TaskArtifact,,,,
ENVIRONMENT,task_0017,New situation: Open-ended questions not yet corrected,2023-01-03T08:01:11,task.TaskArtifact,,,,
ENVIRONMENT,task_0020,New situation: Open-ended questions not yet corrected,2023-01-03T08:01:12,task.TaskArtifact,,,,
DOMAIN,task_0001,Evaluated situations,2023-01-03T08:01:12,csa,2023-01-03T08:01:09,3.510,"[""Open-ended questions not yet corrected"",""Closed-ended questions not yet corrected""]",
DOMAIN,task_0004,Identify answer groups for open-ended questions,2023-01-03T08:01:13,csa,2023-01-03T08:01:02,11.180,SUCCESS,1.000
DOMAIN,task_0005,Identify answer groups for open-ended questions,2023-01-03T08:01:13,csa,2023-01-03T08:01:02,11.310,SUCCESS,1.000
DOMAIN,task_0003,Identify answer groups for open-ended questions,2023-01-03T08:01:14,csa,2023-01-03T08:01:02,11.570,SUCCESS,1.000
DOMAIN,task_0002,Identify answer groups for open-ended questions,2023-01-03T08:01:14,csa,2023-01-03T08:01:02,11.700,SUCCESS,1.000
DOMAIN,task_0006,Identify answer groups for open-ended questions,2023-01-03T08:01:14,csa,2023-01-03T08:01:02,11.960,SUCCESS,1.000
DOMAIN,task_0007,Identify answer groups for open-ended questions,2023-01-03T08:01:14,csa,2023-01-03T08:01:03,11.310,SUCCESS,1.000
DOMAIN,task_0009,Identify answer groups for open-ended questions,2023-01-03T08:01:15,csa,2023-01-03T08:01:03,11.440,SUCCESS,1.000
DOMAIN,task_0014,Identify answer groups for open-ended questions,2023-01-03T08:01:15,csa,2023-01-03T08:01:03,11.700,SUCCESS,1.000
DOMAIN,task_0013,Identify answer groups for open-ended questions,2023-01-03T08:01:15,csa,2023-01-03T08:01:03,11.700,SUCCESS,1.000
DOMAIN,task_0008,Identify answer groups for open-ended questions,2023-01-03T08:01:15,csa,2023-01-03T08:01:03,11.830,SUCCESS,1.000
DOMAIN,task_0010,Identify answer groups for open-ended questions,2023-01-03T08:01:15,csa,2023-01-03T08:01:03,12.090,SUCCESS,1.000
DOMAIN,task_0011,Identify answer groups for open-ended questions,2023-01-03T08:01:15,csa,2023-01-03T08:01:03,12.220,SUCCESS,1.000
DOMAIN,task_0016,Identify answer groups for open-ended questions,2023-01-03T08:01:15,csa,2023-01-03T08:01:03,12.350,SUCCESS,1.000
DOMAIN,task_0019,Identify answer groups for open-ended questions,2023-01-03T08:01:16,csa,2023-01-03T08:01:03,12.480,SUCCESS,1.000
DOMAIN,task_0018,Identify answer groups for open-ended questions,2023-01-03T08:01:16,csa,2023-01-03T08:01:03,12.740,SUCCESS,1.000
DOMAIN,task_0015,Identify answer groups for open-ended questions,2023-01-03T08:01:16,csa,2023-01-03T08:01:03,12.870,SUCCESS,1.000
DOMAIN,task_0017,Identify answer groups for open-ended questions,2023-01-03T08:01:16,csa,2023-01-03T08:01:03,13.000,SUCCESS,1.000
DOMAIN,task_0012,Identify answer groups for open-ended questions,2023-01-03T08:01:16,csa,2023-01-03T08:01:03,13.130,SUCCESS,1.000
DOMAIN,task_0020,Identify answer groups for open-ended questions,2023-01-03T08:01:16,csa,2023-01-03T08:01:03,13.260,SUCCESS,1.000
MANAGEMENT,task_0001,Initiating operation: Correct open-ended questions,2023-01-03T08:01:17,csa,,,,
MANAGEMENT,task_0001,"Removing from blackboard: task_in_focus with details [csa,""task_0001""]",2023-01-03T08:01:17,csa,,,,
MANAGEMENT,task_0004,"Adding to blackboard: task_in_focus with details [csa,""task_0004""]",2023-01-03T08:01:17,csa,,,,
DOMAIN,task_0004,Initiating task evaluation,2023-01-03T08:01:18,csa,,,,
DOMAIN,task_0004,Evaluated situations,2023-01-03T08:01:19,csa,2023-01-03T08:01:17,1.560,"[""Open-ended questions not yet corrected"",""Closed-ended questions not yet corrected""]",
MANAGEMENT,task_0004,"Removing from blackboard: task_in_focus with details [csa,""task_0004""]",2023-01-03T08:01:19,csa,,,,
MANAGEMENT,task_0005,"Adding to blackboard: task_in_focus with details [csa,""task_0005""]",2023-01-03T08:01:20,csa,,,,
DOMAIN,task_0005,Initiating task evaluation,2023-01-03T08:01:20,csa,,,,
DOMAIN,task_0005,Evaluated situations,2023-01-03T08:01:21,csa,2023-01-03T08:01:19,2.470,"[""Open-ended questions not yet corrected"",""Closed-ended questions not yet corrected""]",
MANAGEMENT,task_0005,"Removing from blackboard: task_in_focus with details [csa,""task_0005""]",2023-01-03T08:01:22,csa,,,,
MANAGEMENT,task_0003,"Adding to blackboard: task_in_focus with details [csa,""task_0003""]",2023-01-03T08:01:23,csa,,,,
DOMAIN,task_0003,Initiating task evaluation,2023-01-03T08:01:23,csa,,,,
DOMAIN,task_0003,Evaluated situations,2023-01-03T08:01:24,csa,2023-01-03T08:01:22,2.080,"[""Open-ended questions not yet corrected"",""Closed-ended questions not yet corrected""]",
MANAGEMENT,task_0003,"Removing from blackboard: task_in_focus with details [csa,""task_0003""]",2023-01-03T08:01:25,csa,,,,
MANAGEMENT,task_0002,"Adding to blackboard: task_in_focus with details [csa,""task_0002""]",2023-01-03T08:01:25,csa,,,,
DOMAIN,task_0002,Initiating task evaluation,2023-01-03T08:01:25,csa,,,,
DOMAIN,task_0002,Evaluated situations,2023-01-03T08:01:27,csa,2023-01-03T08:01:25,1.690,"[""Open-ended questions not yet corrected"",""Closed-ended questions not yet corrected""]",
MANAGEMENT,task_0002,"Removing from blackboard: task_in_focus with details [csa,""task_0002""]",2023-01-03T08:01:27,csa,,,,
MANAGEMENT,task_0006,"Adding to blackboard: task_in_focus with details [csa,""task_0006""]",2023-01-03T08:01:27,csa,,,,
DOMAIN,task_0006,Initiating task evaluation,2023-01-03T08:01:28,csa,,,,
DOMAIN,task_0006,Evaluated situations,2023-01-03T08:01:29,csa,2023-01-03T08:01:27,2.080,"[""Open-ended questions not yet corrected"",""Closed-ended questions not yet corrected""]",
MANAGEMENT,task_0006,"Removing from blackboard: task_in_focus with details [csa,""task_0006""]",2023-01-03T08:01:29,csa,,,,
MANAGEMENT,task_0007,"Adding to blackboard: task_in_focus with details [csa,""task_0007""]",2023-01-03T08:01:30,csa,,,,
DOMAIN,task_0007,Initiating task evaluation,2023-01-03T08:01:30,csa,,,,
DOMAIN,task_0007,Evaluated situations,2023-01-03T08:01:31,csa,2023-01-03T08:01:30,1.690,"[""Open-ended questions not yet corrected"",""Closed-ended questions not yet corrected""]",
MANAGEMENT,task_0007,"Removing from blackboard: task_in_focus with details [csa,""task_0007""]",2023-01-03T08:01:32,csa,,,,
MANAGEMENT,task_0009,"Adding to blackboard: task_in_focus with details [csa,""task_0009""]",2023-01-03T08:01:32,csa,,,,
DOMAIN,task_0009,Initiating task evaluation,2023-01-03T08:01:33,csa,,,,
DOMAIN,task_0009,Evaluated situations,2023-01-03T08:01:34,csa,2023-01-03T08:01:32,2.470,"[""Open-ended questions not yet corrected"",""Closed-ended questions not yet corrected""]",
MANAGEMENT,task_0009,"Removing from blackboard: task_in_focus with details [csa,""task_0009""]",2023-01-03T08:01:35,csa,,,,
MANAGEMENT,task_0014,"Adding to blackboard: task_in_focus with details [csa,""task_0014""]",2023-01-03T08:01:35,csa,,,,
DOMAIN,task_0014,Initiating task evaluation,2023-01-03T08:01:35,csa,,,,
DOMAIN,task_0014,Evaluated situations,2023-01-03T08:01:37,csa,2023-01-03T08:01:35,1.820,"[""Open-ended questions not yet corrected"",""Closed-ended questions not yet corrected""]",
MANAGEMENT,task_0014,"Removing from blackboard: task_in_focus with details [csa,""task_0014""]",2023-01-03T08:01:37,csa,,,,
MANAGEMENT,task_0013,"Adding to blackboard: task_in_focus with details [csa,""task_0013""]",2023-01-03T08:01:37,csa,,,,
DOMAIN,task_0013,Initiating task evaluation,2023-01-03T08:01:38,csa,,,,
DOMAIN,task_0013,Evaluated situations,2023-01-03T08:01:39,csa,2023-01-03T08:01:37,1.560,"[""Open-ended questions not yet corrected"",""Closed-ended questions not yet corrected""]",
MANAGEMENT,task_0013,"Removing from blackboard: task_in_focus with details [csa,""task_0013""]",2023-01-03T08:01:39,csa,,,,
MANAGEMENT,task_0008,"Adding to blackboard: task_in_focus with details [csa,""task_0008""]",2023-01-03T08:01:40,csa,,,,
DOMAIN,task_0008,Initiating task evaluation,2023-01-03T08:01:40,csa,,,,
DOMAIN,task_0008,Evaluated situations,2023-01-03T08:01:41,csa,2023-01-03T08:01:39,2.080,"[""Open-ended questions not yet corrected"",""Closed-ended questions not yet corrected""]",
MANAGEMENT,task_0008,"Removing from blackboard: task_in_focus with details [csa,""task_0008""]",2023-01-03T08:01:42,csa,,,,
MANAGEMENT,task_0010,"Adding to blackboard: task_in_focus with details [csa,""task_0010""]",2023-01-03T08:01:42,csa,,,,
DOMAIN,task_0010,Initiating task evaluation,2023-01-03T08:01:43,csa,,,,
DOMAIN,task_0010,Evaluated situations,2023-01-03T08:01:44,csa,2023-01-03T08:01:42,1.560,"[""Open-ended questions not yet corrected"",""Closed-ended questions not yet corrected""]",
MANAGEMENT,task_0010,"Removing from blackboard: task_in_focus with details [csa,""task_0010""]",2023-01-03T08:01:44,csa,,,,
MANAGEMENT,task_0011,"Adding to blackboard: task_in_focus with details [csa,""task_0011""]",2023-01-03T08:01:45,csa,,,,
DOMAIN,task_0011,Initiating task evaluation,2023-01-03T08:01:45,csa,,,,
DOMAIN,task_0011,Evaluated situations,2023-01-03T08:01:46,csa,2023-01-03T08:01:44,1.950,"[""Open-ended questions not yet corrected"",""Closed-ended questions not yet corrected""]",
MANAGEMENT,task_0011,"Removing from blackboard: task_in_focus with details [csa,""task_0011""]",2023-01-03T08:01:47,csa,,,,
MANAGEMENT,task_0016,"Adding to blackboard: task_in_focus with details [csa,""task_0016""]",2023-01-03T08:01:47,csa,,,,
DOMAIN,task_0016,Initiating task evaluation,2023-01-03T08:01:47,csa,,,,
DOMAIN,task_0016,Evaluated situations,2023-01-03T08:01:49,csa,2023-01-03T08:01:47,2.210,"[""Open-ended questions not yet corrected"",""Closed-ended questions not yet corrected""]",
MANAGEMENT,task_0016,"Removing from blackboard: task_in_focus with details [csa,""task_0016""]",2023-01-03T08:01:49,csa,,,,
MANAGEMENT,task_0019,"Adding to blackboard: task_in_focus with details [csa,""task_0019""]",2023-01-03T08:01:50,csa,,,,
DOMAIN,task_0019,Initiating task evaluation,2023-01-03T08:01:50,csa,,,,
DOMAIN,task_0019,Evaluated situations,2023-01-03T08:01:51,csa,2023-01-03T08:01:49,1.560,"[""Open-ended questions not yet corrected"",""Closed-ended questions not yet corrected""]",
MANAGEMENT,task_0019,"Removing from blackboard: task_in_focus with details [csa,""task_0019""]",2023-01-03T08:01:52,csa,,,,
MANAGEMENT,task_0018,"Adding to blackboard: task_in_focus with details [csa,""task_0018""]",2023-01-03T08:01:52,csa,,,,
DOMAIN,task_0018,Initiating task evaluation,2023-01-03T08:01:52,csa,,,,
DOMAIN,task_0018,Evaluated situations,2023-01-03T08:01:54,csa,2023-01-03T08:01:51,2.340,"[""Open-ended questions not yet corrected"",""Closed-ended questions not yet corrected""]",
MANAGEMENT,task_0018,"Removing from blackboard: task_in_focus with details [csa,""task_0018""]",2023-01-03T08:01:54,csa,,,,
MANAGEMENT,task_0015,"Adding to blackboard: task_in_focus with details [csa,""task_0015""]",2023-01-03T08:01:54,csa,,,,
DOMAIN,task_0015,Initiating task evaluation,2023-01-03T08:01:55,csa,,,,
DOMAIN,task_0015,Evaluated situations,2023-01-03T08:01:56,csa,2023-01-03T08:01:54,1.560,"[""Open-ended questions not yet corrected"",""Closed-ended questions not yet corrected""]",
MANAGEMENT,task_0015,"Removing from blackboard: task_in_focus with details [csa,""task_0015""]",2023-01-03T08:01:56,csa,,,,
MANAGEMENT,task_0017,"Adding to blackboard: task_in_focus with details [csa,""task_0017""]",2023-01-03T08:01:57,csa,,,,
DOMAIN,task_0017,Initiating task evaluation,2023-01-03T08:01:57,csa,,,,
DOMAIN,task_0017,Evaluated situations,2023-01-03T08:01:58,csa,2023-01-03T08:01:56,2.340,"[""Open-ended questions not yet corrected"",""Closed-ended questions not yet corrected""]",
MANAGEMENT,task_0017,"Removing from blackboard: task_in_focus with details [csa,""task_0017""]",2023-01-03T08:01:59,csa,,,,
MANAGEMENT,task_0012,"Adding to blackboard: task_in_focus with details [csa,""task_0012""]",2023-01-03T08:01:59,csa,,,,
DOMAIN,task_0012,Initiating task evaluation,2023-01-03T08:01:59,csa,,,,
DOMAIN,task_0012,Evaluated situations,2023-01-03T08:02:01,csa,2023-01-03T08:01:59,1.430,"[""Open-ended questions not yet corrected"",""Closed-ended questions not yet corrected""]",
MANAGEMENT,task_0012,"Removing from blackboard: task_in_focus with details [csa,""task_0012""]",2023-01-03T08:02:01,csa,,,,
MANAGEMENT,task_0020,"Adding to blackboard: task_in_focus with details [csa,""task_0020""]",2023-01-03T08:02:01,csa,,,,
DOMAIN,task_0020,Initiating task evaluation,2023-01-03T08:02:02,csa,,,,
DOMAIN,task_0020,Evaluated situations,2023-01-03T08:02:03,csa,2023-01-03T08:02:01,1.560,"[""Open-ended questions not yet corrected"",""Closed-ended questions not yet corrected""]",
MANAGEMENT,task_0004,Initiating operation: Correct open-ended questions,2023-01-03T08:02:03,csa,,,,
MANAGEMENT,task_0005,Initiating operation: Correct open-ended questions,2023-01-03T08:02:03,csa,,,,
MANAGEMENT,task_0003,Initiating operation: Correct open-ended questions,2023-01-03T08:02:03,csa,,,,
MANAGEMENT,task_0002,Initiating operation: Correct open-ended questions,2023-01-03T08:02:03,csa,,,,
MANAGEMENT,task_0006,Initiating operation: Correct open-ended questions,2023-01-03T08:02:03,csa,,,,
MANAGEMENT,task_0007,Initiating operation: Correct open-ended questions,2023-01-03T08:02:03,csa,,,,
MANAGEMENT,task_0009,Initiating operation: Correct open-ended questions,2023-01-03T08:02:04,csa,,,,
MANAGEMENT,task_0014,Initiating operation: Correct open-ended questions,2023-01-03T08:02:04,csa,,,,
MANAGEMENT,task_0013,Initiating operation: Correct open-ended questions,2023-01-03T08:02:04,csa,,,,
MANAGEMENT,task_0010,Initiating operation: Correct open-ended questions,2023-01-03T08:02:04,csa,,,,
MANAGEMENT,task_0008,Initiating operation: Correct open-ended questions,2023-01-03T08:02:04,csa,,,,
MANAGEMENT,task_0011,Initiating operation: Correct open-ended questions,2023-01-03T08:02:04,csa,,,,
MANAGEMENT,task_0016,Initiating operation: Correct open-ended questions,2023-01-03T08:02:04,csa,,,,
MANAGEMENT,task_0019,Initiating operation: Correct open-ended questions,2023-01-03T08:02:04,csa,,,,
MANAGEMENT,task_0018,Initiating operation: Correct open-ended questions,2023-01-03T08:02:04,csa,,,,
MANAGEMENT,task_0015,Initiating operation: Correct open-ended questions,2023-01-03T08:02:04,csa,,,,
MANAGEMENT,task_0017,Initiating operation: Correct open-ended questions,2023-01-03T08:02:04,csa,,,,
MANAGEMENT,task_0012,Initiating operation: Correct open-ended questions,2023-01-03T08:02:04,csa,,,,
MANAGEMENT,task_0020,Initiating operation: Correct open-ended questions,2023-01-03T08:02:04,csa,,,,
DOMAIN,task_0001,Correct open-ended questions,2023-01-03T08:02:14,csa,2023-01-03T08:02:03,10.660,SUCCESS,0.994
MANAGEMENT,task_0020,"Removing from blackboard: task_in_focus with details [csa,""task_0020""]",2023-01-03T08:02:14,csa,,,,
DOMAIN,task_0010,Correct open-ended questions,2023-01-03T08:02:16,csa,2023-01-03T08:02:03,12.870,SUCCESS,0.970
DOMAIN,task_0013,Correct open-ended questions,2023-01-03T08:02:16,csa,2023-01-03T08:02:03,13.130,SUCCESS,0.962
DOMAIN,task_0014,Correct open-ended questions,2023-01-03T08:02:16,csa,2023-01-03T08:02:03,13.130,SUCCESS,0.982
DOMAIN,task_0007,Correct open-ended questions,2023-01-03T08:02:16,csa,2023-01-03T08:02:03,13.260,SUCCESS,0.951
DOMAIN,task_0009,Correct open-ended questions,2023-01-03T08:02:16,csa,2023-01-03T08:02:03,13.390,SUCCESS,0.956
MANAGEMENT,task_0010,"Adding to blackboard: task_in_focus with details [csa,""task_0010""]",2023-01-03T08:02:17,csa,,,,
DOMAIN,task_0010,Initiating task evaluation,2023-01-03T08:02:17,csa,,,,
DOMAIN,task_0010,Evaluated situations,2023-01-03T08:02:18,csa,2023-01-03T08:02:16,1.820,"[""Closed-ended questions not yet corrected""]",
DOMAIN,task_0011,Correct open-ended questions,2023-01-03T08:02:19,csa,2023-01-03T08:02:04,14.690,SUCCESS,0.983
MANAGEMENT,task_0010,"Removing from blackboard: task_in_focus with details [csa,""task_0010""]",2023-01-03T08:02:19,csa,,,,
MANAGEMENT,task_0013,"Adding to blackboard: task_in_focus with details [csa,""task_0013""]",2023-01-03T08:02:19,csa,,,,
DOMAIN,task_0013,Initiating task evaluation,2023-01-03T08:02:19,csa,,,,
DOMAIN,task_0013,Evaluated situations,2023-01-03T08:02:21,csa,2023-01-03T08:02:18,2.210,"[""Closed-ended questions not yet corrected""]",
DOMAIN,task_0019,Correct open-ended questions,2023-01-03T08:02:21,csa,2023-01-03T08:02:04,17.030,SUCCESS,0.974
DOMAIN,task_0018,Correct open-ended questions,2023-01-03T08:02:21,csa,2023-01-03T08:02:04,17.160,SUCCESS,0.965
DOMAIN,task_0020,Correct open-ended questions,2023-01-03T08:02:21,csa,2023-01-03T08:02:04,17.290,SUCCESS,0.985
MANAGEMENT,task_0013,"Removing from blackboard: task_in_focus with details [csa,""task_0013""]",2023-01-03T08:02:21,csa,,,,
MANAGEMENT,task_0014,"Adding to blackboard: task_in_focus with details [csa,""task_0014""]",2023-01-03T08:02:22,csa,,,,
DOMAIN,task_0014,Initiating task evaluation,2023-01-03T08:02:22,csa,,,,
DOMAIN,task_0014,Evaluated situations,2023-01-03T08:02:23,csa,2023-01-03T08:02:21,1.950,"[""Closed-ended questions not yet corrected""]",
DOMAIN,task_0005,Correct open-ended questions,2023-01-03T08:02:24,csa,,,QUALITY BELOW MINIMUM OF 0.95,0.941
MANAGEMENT,task_0014,"Removing from blackboard: task_in_focus with details [csa,""task_0014""]",2023-01-03T08:02:24,csa,,,,
MANAGEMENT,task_0007,"Adding to blackboard: task_in_focus with details [csa,""task_0007""]",2023-01-03T08:02:24,csa,,,,
DOMAIN,task_0007,Initiating task evaluation,2023-01-03T08:02:24,csa,,,,
DOMAIN,task_0007,Evaluated situations,2023-01-03T08:02:26,csa,2023-01-03T08:02:24,1.690,"[""Closed-ended questions not yet corrected""]",
MANAGEMENT,task_0007,"Removing from blackboard: task_in_focus with details [csa,""task_0007""]",2023-01-03T08:02:26,csa,,,,
MANAGEMENT,task_0009,"Adding to blackboard: task_in_focus with details [csa,""task_0009""]",2023-01-03T08:02:27,csa,,,,
DOMAIN,task_0009,Initiating task evaluation,2023-01-03T08:02:27,csa,,,,
DOMAIN,task_0009,Evaluated situations,2023-01-03T08:02:28,csa,2023-01-03T08:02:26,1.950,"[""Closed-ended questions not yet corrected""]",
DOMAIN,task_0016,Correct open-ended questions,2023-01-03T08:02:29,csa,2023-01-03T08:02:04,24.960,SUCCESS,0.999
DOMAIN,task_0002,Correct open-ended questions,2023-01-03T08:02:29,csa,,,QUALITY BELOW MINIMUM OF 0.95,0.924
MANAGEMENT,task_0009,"Removing from blackboard: task_in_focus with details [csa,""task_0009""]",2023-01-03T08:02:29,csa,,,,
MANAGEMENT,task_0011,"Adding to blackboard: task_in_focus with details [csa,""task_0011""]",2023-01-03T08:02:30,csa,,,,
DOMAIN,task_0011,Initiating task evaluation,2023-01-03T08:02:30,csa,,,,
DOMAIN,task_0011,Evaluated situations,2023-01-03T08:02:31,csa,2023-01-03T08:02:29,2.080,"[""Closed-ended questions not yet corrected""]",
DOMAIN,task_0017,Correct open-ended questions,2023-01-03T08:02:32,csa,2023-01-03T08:02:04,27.690,SUCCESS,0.966
MANAGEMENT,task_0011,"Removing from blackboard: task_in_focus with details [csa,""task_0011""]",2023-01-03T08:02:32,csa,,,,
MANAGEMENT,task_0019,"Adding to blackboard: task_in_focus with details [csa,""task_0019""]",2023-01-03T08:02:32,csa,,,,
DOMAIN,task_0019,Initiating task evaluation,2023-01-03T08:02:33,csa,,,,
DOMAIN,task_0019,Evaluated situations,2023-01-03T08:02:34,csa,2023-01-03T08:02:32,1.690,"[""Closed-ended questions not yet corrected""]",
DOMAIN,task_0004,Correct open-ended questions,2023-01-03T08:02:34,csa,,,QUALITY BELOW MINIMUM OF 0.95,0.939
MANAGEMENT,task_0019,"Removing from blackboard: task_in_focus with details [csa,""task_0019""]",2023-01-03T08:02:34,csa,,,,
MANAGEMENT,task_0018,"Adding to blackboard: task_in_focus with details [csa,""task_0018""]",2023-01-03T08:02:35,csa,,,,
DOMAIN,task_0018,Initiating task evaluation,2023-01-03T08:02:35,csa,,,,
DOMAIN,task_0018,Evaluated situations,2023-01-03T08:02:36,csa,2023-01-03T08:02:34,2.080,"[""Closed-ended questions not yet corrected""]",
MANAGEMENT,task_0018,"Removing from blackboard: task_in_focus with details [csa,""task_0018""]",2023-01-03T08:02:37,csa,,,,
MANAGEMENT,task_0020,"Adding to blackboard: task_in_focus with details [csa,""task_0020""]",2023-01-03T08:02:37,csa,,,,
DOMAIN,task_0020,Initiating task evaluation,2023-01-03T08:02:37,csa,,,,
DOMAIN,task_0020,Evaluated situations,2023-01-03T08:02:38,csa,2023-01-03T08:02:37,1.300,"[""Closed-ended questions not yet corrected""]",
MANAGEMENT,task_0020,"Removing from blackboard: task_in_focus with details [csa,""task_0020""]",2023-01-03T08:02:39,csa,,,,
MANAGEMENT,task_0016,"Adding to blackboard: task_in_focus with details [csa,""task_0016""]",2023-01-03T08:02:40,csa,,,,
DOMAIN,task_0016,Initiating task evaluation,2023-01-03T08:02:40,csa,,,,
DOMAIN,task_0016,Evaluated situations,2023-01-03T08:02:41,csa,2023-01-03T08:02:39,2.340,"[""Closed-ended questions not yet corrected""]",
DOMAIN,task_0006,Correct open-ended questions,2023-01-03T08:02:42,csa,,,QUALITY BELOW MINIMUM OF 0.95,0.929
MANAGEMENT,task_0016,"Removing from blackboard: task_in_focus with details [csa,""task_0016""]",2023-01-03T08:02:42,csa,,,,
MANAGEMENT,task_0017,"Adding to blackboard: task_in_focus with details [csa,""task_0017""]",2023-01-03T08:02:42,csa,,,,
DOMAIN,task_0017,Initiating task evaluation,2023-01-03T08:02:42,csa,,,,
DOMAIN,task_0017,Evaluated situations,2023-01-03T08:02:43,csa,2023-01-03T08:02:41,2.340,"[""Closed-ended questions not yet corrected""]",
MANAGEMENT,task_0010,Initiating operation: Correct closed-ended questions,2023-01-03T08:02:44,csa,,,,
MANAGEMENT,task_0013,Initiating operation: Correct closed-ended questions,2023-01-03T08:02:44,csa,,,,
DOMAIN,task_0003,Correct open-ended questions,2023-01-03T08:02:44,csa,,,QUALITY BELOW MINIMUM OF 0.95,0.936
DOMAIN,task_0012,Correct open-ended questions,2023-01-03T08:02:44,csa,,,QUALITY BELOW MINIMUM OF 0.95,0.934
MANAGEMENT,task_0014,Initiating operation: Correct closed-ended questions,2023-01-03T08:02:44,csa,,,,
DOMAIN,task_0015,Correct open-ended questions,2023-01-03T08:02:44,csa,,,QUALITY BELOW MINIMUM OF 0.95,0.940
MANAGEMENT,task_0007,Initiating operation: Correct closed-ended questions,2023-01-03T08:02:44,csa,,,,
MANAGEMENT,task_0009,Initiating operation: Correct closed-ended questions,2023-01-03T08:02:44,csa,,,,
DOMAIN,task_0008,Correct open-ended questions,2023-01-03T08:02:44,csa,,,QUALITY BELOW MINIMUM OF 0.95,0.929
MANAGEMENT,task_0011,Initiating operation: Correct closed-ended questions,2023-01-03T08:02:44,csa,,,,
MANAGEMENT,task_0019,Initiating operation: Correct closed-ended questions,2023-01-03T08:02:45,csa,,,,
MANAGEMENT,task_0018,Initiating operation: Correct closed-ended questions,2023-01-03T08:02:45,csa,,,,
MANAGEMENT,task_0020,Initiating operation: Correct closed-ended questions,2023-01-03T08:02:45,csa,,,,
MANAGEMENT,task_0016,Initiating operation: Correct closed-ended questions,2023-01-03T08:02:45,csa,,,,
MANAGEMENT,task_0017,Initiating operation: Correct closed-ended questions,2023-01-03T08:02:45,csa,,,,
MANAGEMENT,,"Adding to blackboard: ha_help_required with details [csa,""task_0005""]",2023-01-03T08:02:45,csa,,,,
MANAGEMENT,,"Adding to blackboard: ha_help_required with details [csa,""task_0002""]",2023-01-03T08:02:45,csa,,,,
MANAGEMENT,,"Adding to blackboard: ha_help_required with details [csa,""task_0004""]",2023-01-03T08:02:45,csa,,,,
MANAGEMENT,,"Adding to blackboard: ha_help_required with details [csa,""task_0006""]",2023-01-03T08:02:45,csa,,,,
MONITORING,,Number of HA assistance requests,2023-01-03T08:02:45,mona,,,2,
MONITORING,,Number of HA assistance requests,2023-01-03T08:02:45,mona,,,2,
MONITORING,,Number of HA assistance requests,2023-01-03T08:02:45,mona,,,3,
MONITORING,,Number of HA assistance requests,2023-01-03T08:02:45,mona,,,4,
MANAGEMENT,,"Adding to blackboard: ha_help_required with details [csa,""task_0003""]",2023-01-03T08:02:45,csa,,,,
MANAGEMENT,,"Adding to blackboard: ha_help_required with details [csa,""task_0012""]",2023-01-03T08:02:46,csa,,,,
MANAGEMENT,,"Adding to blackboard: ha_help_required with details [csa,""task_0015""]",2023-01-03T08:02:46,csa,,,,
MANAGEMENT,,"Adding to blackboard: ha_help_required with details [csa,""task_0008""]",2023-01-03T08:02:46,csa,,,,
MONITORING,,Number of HA assistance requests,2023-01-03T08:02:46,mona,,,5,
MANAGEMENT,,Waiting time,2023-01-03T08:02:46,ht,2023-01-03T07:58:12,273.520,,
MONITORING,,Number of HA assistance requests,2023-01-03T08:02:46,mona,,,8,
MONITORING,,Number of HA assistance requests,2023-01-03T08:02:46,mona,,,8,
MONITORING,,Number of HA assistance requests,2023-01-03T08:02:46,mona,,,8,
ENVIRONMENT,task_0010,New situation: Total points not counted,2023-01-03T08:02:56,task.TaskArtifact,,,,
ENVIRONMENT,task_0014,New situation: Total points not counted,2023-01-03T08:02:56,task.TaskArtifact,,,,
ENVIRONMENT,task_0019,New situation: Total points not counted,2023-01-03T08:02:56,task.TaskArtifact,,,,
ENVIRONMENT,task_0009,New situation: Total points not counted,2023-01-03T08:02:56,task.TaskArtifact,,,,
ENVIRONMENT,task_0013,New situation: Total points not counted,2023-01-03T08:02:56,task.TaskArtifact,,,,
DOMAIN,task_0010,Correct closed-ended questions,2023-01-03T08:02:56,csa,2023-01-03T08:02:44,11.830,SUCCESS,1.000
ENVIRONMENT,task_0007,New situation: Total points not counted,2023-01-03T08:02:56,task.TaskArtifact,,,,
DOMAIN,task_0014,Correct closed-ended questions,2023-01-03T08:02:56,csa,2023-01-03T08:02:44,11.960,SUCCESS,1.000
DOMAIN,task_0019,Correct closed-ended questions,2023-01-03T08:02:56,csa,2023-01-03T08:02:44,11.960,SUCCESS,1.000
ENVIRONMENT,task_0017,New situation: Total points not counted,2023-01-03T08:02:56,task.TaskArtifact,,,,
ENVIRONMENT,task_0018,New situation: Total points not counted,2023-01-03T08:02:56,task.TaskArtifact,,,,
ENVIRONMENT,task_0016,New situation: Total points not counted,2023-01-03T08:02:56,task.TaskArtifact,,,,
ENVIRONMENT,task_0011,New situation: Total points not counted,2023-01-03T08:02:56,task.TaskArtifact,,,,
DOMAIN,task_0009,Correct closed-ended questions,2023-01-03T08:02:56,csa,2023-01-03T08:02:44,12.090,SUCCESS,1.000
DOMAIN,task_0013,Correct closed-ended questions,2023-01-03T08:02:56,csa,2023-01-03T08:02:44,12.090,SUCCESS,1.000
ENVIRONMENT,task_0020,New situation: Total points not counted,2023-01-03T08:02:56,task.TaskArtifact,,,,
MANAGEMENT,task_0017,"Removing from blackboard: task_in_focus with details [csa,""task_0017""]",2023-01-03T08:02:56,csa,,,,
MANAGEMENT,task_0010,"Adding to blackboard: task_in_focus with details [csa,""task_0010""]",2023-01-03T08:02:57,csa,,,,
DOMAIN,task_0010,Initiating task evaluation,2023-01-03T08:02:57,csa,,,,
DOMAIN,task_0010,Evaluated situations,2023-01-03T08:02:59,csa,2023-01-03T08:02:57,1.950,"[""Total points not counted""]",
MANAGEMENT,task_0010,"Removing from blackboard: task_in_focus with details [csa,""task_0010""]",2023-01-03T08:02:59,csa,,,,
MANAGEMENT,task_0014,"Adding to blackboard: task_in_focus with details [csa,""task_0014""]",2023-01-03T08:02:59,csa,,,,
DOMAIN,task_0014,Initiating task evaluation,2023-01-03T08:02:59,csa,,,,
DOMAIN,task_0014,Evaluated situations,2023-01-03T08:03:01,csa,2023-01-03T08:02:58,2.340,"[""Total points not counted""]",
MANAGEMENT,task_0014,"Removing from blackboard: task_in_focus with details [csa,""task_0014""]",2023-01-03T08:03:01,csa,,,,
MANAGEMENT,task_0019,"Adding to blackboard: task_in_focus with details [csa,""task_0019""]",2023-01-03T08:03:01,csa,,,,
DOMAIN,task_0019,Initiating task evaluation,2023-01-03T08:03:02,csa,,,,
DOMAIN,task_0019,Evaluated situations,2023-01-03T08:03:03,csa,2023-01-03T08:03:01,1.300,"[""Total points not counted""]",
MANAGEMENT,task_0019,"Removing from blackboard: task_in_focus with details [csa,""task_0019""]",2023-01-03T08:03:03,csa,,,,
MANAGEMENT,task_0009,"Adding to blackboard: task_in_focus with details [csa,""task_0009""]",2023-01-03T08:03:04,csa,,,,
DOMAIN,task_0009,Initiating task evaluation,2023-01-03T08:03:04,csa,,,,
DOMAIN,task_0009,Evaluated situations,2023-01-03T08:03:05,csa,2023-01-03T08:03:03,2.080,"[""Total points not counted""]",
MANAGEMENT,task_0009,"Removing from blackboard: task_in_focus with details [csa,""task_0009""]",2023-01-03T08:03:06,csa,,,,
MANAGEMENT,task_0013,"Adding to blackboard: task_in_focus with details [csa,""task_0013""]",2023-01-03T08:03:06,csa,,,,
DOMAIN,task_0013,Initiating task evaluation,2023-01-03T08:03:06,csa,,,,
DOMAIN,task_0013,Evaluated situations,2023-01-03T08:03:08,csa,2023-01-03T08:03:06,1.430,"[""Total points not counted""]",
DOMAIN,task_0007,Correct closed-ended questions,2023-01-03T08:03:08,csa,2023-01-03T08:02:44,23.530,SUCCESS,1.000
DOMAIN,task_0018,Correct closed-ended questions,2023-01-03T08:03:08,csa,2023-01-03T08:02:44,23.660,SUCCESS,1.000
DOMAIN,task_0017,Correct closed-ended questions,2023-01-03T08:03:08,csa,2023-01-03T08:02:44,23.790,SUCCESS,1.000
DOMAIN,task_0016,Correct closed-ended questions,2023-01-03T08:03:08,csa,2023-01-03T08:02:44,23.790,SUCCESS,1.000
DOMAIN,task_0011,Correct closed-ended questions,2023-01-03T08:03:08,csa,2023-01-03T08:02:44,23.920,SUCCESS,1.000
DOMAIN,task_0020,Correct closed-ended questions,2023-01-03T08:03:08,csa,2023-01-03T08:02:44,23.920,SUCCESS,1.000
MANAGEMENT,task_0010,Initiating operation: Count total points,2023-01-03T08:03:08,csa,,,,
MANAGEMENT,task_0014,Initiating operation: Count total points,2023-01-03T08:03:08,csa,,,,
MANAGEMENT,task_0019,Initiating operation: Count total points,2023-01-03T08:03:08,csa,,,,
MANAGEMENT,task_0013,"Removing from blackboard: task_in_focus with details [csa,""task_0013""]",2023-01-03T08:03:08,csa,,,,
MANAGEMENT,task_0007,"Adding to blackboard: task_in_focus with details [csa,""task_0007""]",2023-01-03T08:03:09,csa,,,,
DOMAIN,task_0007,Initiating task evaluation,2023-01-03T08:03:09,csa,,,,
DOMAIN,task_0007,Evaluated situations,2023-01-03T08:03:11,csa,2023-01-03T08:03:09,1.560,"[""Total points not counted""]",
MANAGEMENT,task_0009,Initiating operation: Count total points,2023-01-03T08:03:11,csa,,,,
MANAGEMENT,task_0013,Initiating operation: Count total points,2023-01-03T08:03:11,csa,,,,
MANAGEMENT,task_0007,"Removing from blackboard: task_in_focus with details [csa,""task_0007""]",2023-01-03T08:03:11,csa,,,,
MANAGEMENT,task_0018,"Adding to blackboard: task_in_focus with details [csa,""task_0018""]",2023-01-03T08:03:11,csa,,,,
DOMAIN,task_0018,Initiating task evaluation,2023-01-03T08:03:12,csa,,,,
DOMAIN,task_0018,Evaluated situations,2023-01-03T08:03:13,csa,2023-01-03T08:03:11,2.080,"[""Total points not counted""]",
MANAGEMENT,task_0018,"Removing from blackboard: task_in_focus with details [csa,""task_0018""]",2023-01-03T08:03:13,csa,,,,
MANAGEMENT,task_0017,"Adding to blackboard: task_in_focus with details [csa,""task_0017""]",2023-01-03T08:03:14,csa,,,,
DOMAIN,task_0017,Initiating task evaluation,2023-01-03T08:03:14,csa,,,,
DOMAIN,task_0017,Evaluated situations,2023-01-03T08:03:15,csa,2023-01-03T08:03:14,1.560,"[""Total points not counted""]",
MANAGEMENT,task_0017,"Removing from blackboard: task_in_focus with details [csa,""task_0017""]",2023-01-03T08:03:16,csa,,,,
MANAGEMENT,task_0016,"Adding to blackboard: task_in_focus with details [csa,""task_0016""]",2023-01-03T08:03:16,csa,,,,
DOMAIN,task_0016,Initiating task evaluation,2023-01-03T08:03:17,csa,,,,
DOMAIN,task_0016,Evaluated situations,2023-01-03T08:03:18,csa,2023-01-03T08:03:16,2.080,"[""Total points not counted""]",
MANAGEMENT,task_0016,"Removing from blackboard: task_in_focus with details [csa,""task_0016""]",2023-01-03T08:03:18,csa,,,,
MANAGEMENT,task_0011,"Adding to blackboard: task_in_focus with details [csa,""task_0011""]",2023-01-03T08:03:19,csa,,,,
DOMAIN,task_0011,Initiating task evaluation,2023-01-03T08:03:19,csa,,,,
DOMAIN,task_0011,Evaluated situations,2023-01-03T08:03:21,csa,2023-01-03T08:03:19,1.690,"[""Total points not counted""]",
MANAGEMENT,task_0011,"Removing from blackboard: task_in_focus with details [csa,""task_0011""]",2023-01-03T08:03:21,csa,,,,
MANAGEMENT,task_0020,"Adding to blackboard: task_in_focus with details [csa,""task_0020""]",2023-01-03T08:03:21,csa,,,,
DOMAIN,task_0020,Initiating task evaluation,2023-01-03T08:03:22,csa,,,,
DOMAIN,task_0020,Evaluated situations,2023-01-03T08:03:23,csa,2023-01-03T08:03:21,2.080,"[""Total points not counted""]",
MANAGEMENT,task_0007,Initiating operation: Count total points,2023-01-03T08:03:23,csa,,,,
MANAGEMENT,task_0018,Initiating operation: Count total points,2023-01-03T08:03:23,csa,,,,
MANAGEMENT,task_0017,Initiating operation: Count total points,2023-01-03T08:03:23,csa,,,,
MANAGEMENT,task_0016,Initiating operation: Count total points,2023-01-03T08:03:23,csa,,,,
MANAGEMENT,task_0011,Initiating operation: Count total points,2023-01-03T08:03:24,csa,,,,
MANAGEMENT,task_0020,Initiating operation: Count total points,2023-01-03T08:03:24,csa,,,,
ENVIRONMENT,task_0009,Disposed: Correct exam paper,2023-01-03T08:03:27,task.TaskArtifact,2023-01-03T08:00:02,204.880,COMPLETED,0.956
ENVIRONMENT,task_0014,Disposed: Correct exam paper,2023-01-03T08:03:27,task.TaskArtifact,2023-01-03T08:00:03,203.710,COMPLETED,0.982
ENVIRONMENT,task_0010,Disposed: Correct exam paper,2023-01-03T08:03:27,task.TaskArtifact,2023-01-03T08:00:02,204.620,COMPLETED,0.970
ENVIRONMENT,task_0013,Disposed: Correct exam paper,2023-01-03T08:03:27,task.TaskArtifact,2023-01-03T08:00:03,203.840,COMPLETED,0.962
ENVIRONMENT,task_0019,Disposed: Correct exam paper,2023-01-03T08:03:27,task.TaskArtifact,2023-01-03T08:00:04,202.540,COMPLETED,0.974
ENVIRONMENT,task_0017,Disposed: Correct exam paper,2023-01-03T08:03:27,task.TaskArtifact,2023-01-03T08:00:04,202.800,COMPLETED,0.966
ENVIRONMENT,task_0016,Disposed: Correct exam paper,2023-01-03T08:03:27,task.TaskArtifact,2023-01-03T08:00:04,203.450,COMPLETED,0.999
DOMAIN,task_0009,Count total points,2023-01-03T08:03:28,csa,2023-01-03T08:03:23,4.680,SUCCESS,1.000
DOMAIN,task_0014,Count total points,2023-01-03T08:03:28,csa,2023-01-03T08:03:23,4.680,SUCCESS,1.000
ENVIRONMENT,task_0020,Disposed: Correct exam paper,2023-01-03T08:03:28,task.TaskArtifact,2023-01-03T08:00:05,202.930,COMPLETED,0.985
DOMAIN,task_0010,Count total points,2023-01-03T08:03:28,csa,2023-01-03T08:03:23,4.810,SUCCESS,1.000
ENVIRONMENT,task_0018,Disposed: Correct exam paper,2023-01-03T08:03:28,task.TaskArtifact,2023-01-03T08:00:04,203.450,COMPLETED,0.965
DOMAIN,task_0013,Count total points,2023-01-03T08:03:28,csa,2023-01-03T08:03:23,4.940,SUCCESS,1.000
DOMAIN,task_0019,Count total points,2023-01-03T08:03:28,csa,2023-01-03T08:03:23,4.940,SUCCESS,1.000
ENVIRONMENT,task_0007,Disposed: Correct exam paper,2023-01-03T08:03:28,task.TaskArtifact,2023-01-03T08:00:02,206.310,COMPLETED,0.951
ENVIRONMENT,task_0011,Disposed: Correct exam paper,2023-01-03T08:03:28,task.TaskArtifact,2023-01-03T08:00:03,205.270,COMPLETED,0.983
DOMAIN,task_0017,Count total points,2023-01-03T08:03:28,csa,2023-01-03T08:03:23,5.200,SUCCESS,1.000
DOMAIN,task_0016,Count total points,2023-01-03T08:03:28,csa,2023-01-03T08:03:23,5.330,SUCCESS,1.000
DOMAIN,task_0020,Count total points,2023-01-03T08:03:28,csa,2023-01-03T08:03:23,5.460,SUCCESS,1.000
DOMAIN,task_0018,Count total points,2023-01-03T08:03:28,csa,2023-01-03T08:03:23,5.590,SUCCESS,1.000
DOMAIN,task_0007,Count total points,2023-01-03T08:03:28,csa,2023-01-03T08:03:23,5.590,SUCCESS,1.000
DOMAIN,task_0011,Count total points,2023-01-03T08:03:29,csa,2023-01-03T08:03:23,5.720,SUCCESS,1.000
MANAGEMENT,task_0002,"Adding to blackboard: task_in_focus with details [ht,""task_0002""]",2023-01-03T08:03:46,ht,,,,
DOMAIN,task_0002,Initiating task evaluation,2023-01-03T08:03:47,ht,,,,
DOMAIN,task_0002,Evaluated situations,2023-01-03T08:03:47,ht,2023-01-03T08:03:46,0.520,"[""Open-ended questions not yet corrected""]",
MANAGEMENT,task_0002,Initiating operation: Correct open-ended questions,2023-01-03T08:03:47,ht,,,,
DOMAIN,task_0002,Correct open-ended questions,2023-01-03T08:08:48,ht,2023-01-03T08:03:46,301.210,SUCCESS,0.952
MANAGEMENT,,"Adding to blackboard: csa_teaching_required with details [""csa"",""Open-ended questions not yet corrected"",""Correct open-ended questions""]",2023-01-03T08:08:48,ht,,,,
MONITORING,,Number of CSA teaching requests,2023-01-03T08:08:48,mona,,,1,
MANAGEMENT,task_0020,"Removing from blackboard: task_in_focus with details [csa,""task_0020""]",2023-01-03T08:08:49,csa,,,,
MANAGEMENT,task_0020,"Removing from blackboard: task_in_focus with details [csa,""task_0020""]",2023-01-03T08:08:49,csa,,,,
MANAGEMENT,task_0002,"Adding to blackboard: task_in_focus with details [csa,""task_0002""]",2023-01-03T08:08:49,csa,,,,
DOMAIN,task_0002,Reevaluating task with current knowledge,2023-01-03T08:08:49,csa,,,,
DOMAIN,task_0002,Initiating task evaluation,2023-01-03T08:08:50,csa,,,,
DOMAIN,task_0002,Evaluated situations,2023-01-03T08:08:51,csa,2023-01-03T08:08:49,2.210,"[""Closed-ended questions not yet corrected""]",
MANAGEMENT,task_0002,"Removing from blackboard: ha_help_required with details [""csa"",""task_0002""]",2023-01-03T08:08:51,ht,,,,
MANAGEMENT,task_0002,Handed over task back to CA,2023-01-03T08:08:51,ht,,,,
MONITORING,,Number of HA assistance requests,2023-01-03T08:08:51,mona,,,7,
MANAGEMENT,task_0002,"Removing from blackboard: task_in_focus with details [ht,""task_0002""]",2023-01-03T08:08:51,ht,,,,
MANAGEMENT,task_0002,"Removing from blackboard: ha_help_required with details [""csa"",""task_0002""]",2023-01-03T08:08:52,ht,,,,
DOMAIN,task_0002,Initiating task evaluation,2023-01-03T08:08:52,csa,,,,
DOMAIN,task_0002,Evaluated situations,2023-01-03T08:08:53,csa,2023-01-03T08:08:51,2.080,"[""Closed-ended questions not yet corrected""]",
MANAGEMENT,task_0002,Initiating operation: Correct closed-ended questions,2023-01-03T08:08:53,csa,,,,
ENVIRONMENT,task_0002,New situation: Total points not counted,2023-01-03T08:09:03,task.TaskArtifact,,,,
DOMAIN,task_0002,Correct closed-ended questions,2023-01-03T08:09:04,csa,2023-01-03T08:08:53,10.920,SUCCESS,1.000
DOMAIN,task_0002,Initiating task evaluation,2023-01-03T08:09:04,csa,,,,
DOMAIN,task_0002,Evaluated situations,2023-01-03T08:09:05,csa,2023-01-03T08:09:04,1.300,"[""Total points not counted""]",
MANAGEMENT,task_0002,Initiating operation: Count total points,2023-01-03T08:09:05,csa,,,,
ENVIRONMENT,task_0002,Disposed: Correct exam paper,2023-01-03T08:09:09,task.TaskArtifact,2023-01-03T08:00:01,548.730,COMPLETED,0.880
DOMAIN,task_0002,Count total points,2023-01-03T08:09:10,csa,2023-01-03T08:09:05,5.070,SUCCESS,1.000
MANAGEMENT,task_0003,"Adding to blackboard: task_in_focus with details [ht,""task_0003""]",2023-01-03T08:09:52,ht,,,,
DOMAIN,task_0003,Initiating task evaluation,2023-01-03T08:09:52,ht,,,,
DOMAIN,task_0003,Evaluated situations,2023-01-03T08:09:52,ht,2023-01-03T08:09:52,0.650,"[""Open-ended questions not yet corrected""]",
MANAGEMENT,task_0003,Initiating operation: Correct open-ended questions,2023-01-03T08:09:52,ht,,,,
DOMAIN,task_0003,Correct open-ended questions,2023-01-03T08:14:54,ht,2023-01-03T08:09:52,301.860,SUCCESS,0.998
MANAGEMENT,,"Adding to blackboard: csa_teaching_required with details [""csa"",""Open-ended questions not yet corrected"",""Correct open-ended questions""]",2023-01-03T08:14:54,ht,,,,
MANAGEMENT,task_0002,"Removing from blackboard: task_in_focus with details [csa,""task_0002""]",2023-01-03T08:14:54,csa,,,,
MANAGEMENT,task_0002,"Removing from blackboard: task_in_focus with details [csa,""task_0002""]",2023-01-03T08:14:54,csa,,,,
MANAGEMENT,task_0003,"Adding to blackboard: task_in_focus with details [csa,""task_0003""]",2023-01-03T08:14:54,csa,,,,
DOMAIN,task_0003,Reevaluating task with current knowledge,2023-01-03T08:14:54,csa,,,,
DOMAIN,task_0003,Initiating task evaluation,2023-01-03T08:14:54,csa,,,,
DOMAIN,task_0003,Evaluated situations,2023-01-03T08:14:56,csa,2023-01-03T08:14:54,1.430,"[""Closed-ended questions not yet corrected""]",
MANAGEMENT,task_0003,"Removing from blackboard: ha_help_required with details [""csa"",""task_0003""]",2023-01-03T08:14:56,ht,,,,
MANAGEMENT,task_0003,Handed over task back to CA,2023-01-03T08:14:56,ht,,,,
MONITORING,,Number of HA assistance requests,2023-01-03T08:14:56,mona,,,6,
MANAGEMENT,task_0003,"Removing from blackboard: task_in_focus with details [ht,""task_0003""]",2023-01-03T08:14:56,ht,,,,
DOMAIN,task_0003,Initiating task evaluation,2023-01-03T08:14:56,csa,,,,
MANAGEMENT,task_0003,"Removing from blackboard: ha_help_required with details [""csa"",""task_0003""]",2023-01-03T08:14:56,ht,,,,
DOMAIN,task_0003,Evaluated situations,2023-01-03T08:14:57,csa,2023-01-03T08:14:55,1.950,"[""Closed-ended questions not yet corrected""]",
MANAGEMENT,task_0003,Initiating operation: Correct closed-ended questions,2023-01-03T08:14:57,csa,,,,
ENVIRONMENT,task_0003,New situation: Total points not counted,2023-01-03T08:15:07,task.TaskArtifact,,,,
DOMAIN,task_0003,Correct closed-ended questions,2023-01-03T08:15:08,csa,2023-01-03T08:14:57,10.660,SUCCESS,1.000
DOMAIN,task_0003,Initiating task evaluation,2023-01-03T08:15:08,csa,,,,
DOMAIN,task_0003,Evaluated situations,2023-01-03T08:15:09,csa,2023-01-03T08:15:07,1.560,"[""Total points not counted""]",
MANAGEMENT,task_0003,Initiating operation: Count total points,2023-01-03T08:15:09,csa,,,,
ENVIRONMENT,task_0003,Disposed: Correct exam paper,2023-01-03T08:15:13,task.TaskArtifact,2023-01-03T08:00:01,912.080,COMPLETED,0.934
DOMAIN,task_0003,Count total points,2023-01-03T08:15:13,csa,2023-01-03T08:15:08,4.810,SUCCESS,1.000
MANAGEMENT,task_0004,"Adding to blackboard: task_in_focus with details [ht,""task_0004""]",2023-01-03T08:15:56,ht,,,,
DOMAIN,task_0004,Initiating task evaluation,2023-01-03T08:15:57,ht,,,,
DOMAIN,task_0004,Evaluated situations,2023-01-03T08:15:57,ht,2023-01-03T08:15:56,0.780,"[""Open-ended questions not yet corrected""]",
MANAGEMENT,task_0004,Initiating operation: Correct open-ended questions,2023-01-03T08:15:57,ht,,,,
DOMAIN,task_0004,Correct open-ended questions,2023-01-03T08:20:58,ht,2023-01-03T08:15:56,302.120,SUCCESS,0.990
MANAGEMENT,,"Adding to blackboard: csa_teaching_required with details [""csa"",""Open-ended questions not yet corrected"",""Correct open-ended questions""]",2023-01-03T08:20:58,ht,,,,
MANAGEMENT,task_0003,"Removing from blackboard: task_in_focus with details [csa,""task_0003""]",2023-01-03T08:20:58,csa,,,,
MANAGEMENT,task_0003,"Removing from blackboard: task_in_focus with details [csa,""task_0003""]",2023-01-03T08:20:58,csa,,,,
MANAGEMENT,task_0004,"Adding to blackboard: task_in_focus with details [csa,""task_0004""]",2023-01-03T08:20:58,csa,,,,
DOMAIN,task_0004,Reevaluating task with current knowledge,2023-01-03T08:20:59,csa,,,,
DOMAIN,task_0004,Initiating task evaluation,2023-01-03T08:20:59,csa,,,,
DOMAIN,task_0004,Evaluated situations,2023-01-03T08:21:00,csa,2023-01-03T08:20:58,1.560,"[""Closed-ended questions not yet corrected""]",
MANAGEMENT,task_0004,"Removing from blackboard: ha_help_required with details [""csa"",""task_0004""]",2023-01-03T08:21:00,ht,,,,
MANAGEMENT,task_0004,Handed over task back to CA,2023-01-03T08:21:00,ht,,,,
MONITORING,,Number of HA assistance requests,2023-01-03T08:21:00,mona,,,5,
MANAGEMENT,task_0004,"Removing from blackboard: task_in_focus with details [ht,""task_0004""]",2023-01-03T08:21:00,ht,,,,
DOMAIN,task_0004,Initiating task evaluation,2023-01-03T08:21:00,csa,,,,
MANAGEMENT,task_0004,"Removing from blackboard: ha_help_required with details [""csa"",""task_0004""]",2023-01-03T08:21:00,ht,,,,
DOMAIN,task_0004,Evaluated situations,2023-01-03T08:21:01,csa,2023-01-03T08:20:59,1.950,"[""Closed-ended questions not yet corrected""]",
MANAGEMENT,task_0004,Initiating operation: Correct closed-ended questions,2023-01-03T08:21:01,csa,,,,
ENVIRONMENT,task_0004,New situation: Total points not counted,2023-01-03T08:21:12,task.TaskArtifact,,,,
DOMAIN,task_0004,Correct closed-ended questions,2023-01-03T08:21:12,csa,2023-01-03T08:21:01,10.530,SUCCESS,1.000
DOMAIN,task_0004,Initiating task evaluation,2023-01-03T08:21:12,csa,,,,
DOMAIN,task_0004,Evaluated situations,2023-01-03T08:21:13,csa,2023-01-03T08:21:11,2.080,"[""Total points not counted""]",
MANAGEMENT,task_0004,Initiating operation: Count total points,2023-01-03T08:21:13,csa,,,,
ENVIRONMENT,task_0004,Disposed: Correct exam paper,2023-01-03T08:21:16,task.TaskArtifact,2023-01-03T08:00:01,1275.170,COMPLETED,0.929
DOMAIN,task_0004,Count total points,2023-01-03T08:21:16,csa,2023-01-03T08:21:13,3.640,SUCCESS,1.000
MANAGEMENT,task_0005,"Adding to blackboard: task_in_focus with details [ht,""task_0005""]",2023-01-03T08:22:00,ht,,,,
DOMAIN,task_0005,Initiating task evaluation,2023-01-03T08:22:00,ht,,,,
DOMAIN,task_0005,Evaluated situations,2023-01-03T08:22:00,ht,2023-01-03T08:21:59,0.910,"[""Open-ended questions not yet corrected""]",
MANAGEMENT,task_0005,Initiating operation: Correct open-ended questions,2023-01-03T08:22:00,ht,,,,
DOMAIN,task_0005,Correct open-ended questions,2023-01-03T08:27:01,ht,2023-01-03T08:22:00,300.560,SUCCESS,0.982
MANAGEMENT,,"Adding to blackboard: csa_teaching_required with details [""csa"",""Open-ended questions not yet corrected"",""Correct open-ended questions""]",2023-01-03T08:27:01,ht,,,,
MANAGEMENT,task_0004,"Removing from blackboard: task_in_focus with details [csa,""task_0004""]",2023-01-03T08:27:01,csa,,,,
MANAGEMENT,task_0004,"Removing from blackboard: task_in_focus with details [csa,""task_0004""]",2023-01-03T08:27:01,csa,,,,
MANAGEMENT,task_0005,"Adding to blackboard: task_in_focus with details [csa,""task_0005""]",2023-01-03T08:27:01,csa,,,,
DOMAIN,task_0005,Reevaluating task with current knowledge,2023-01-03T08:27:01,csa,,,,
DOMAIN,task_0005,Initiating task evaluation,2023-01-03T08:27:02,csa,,,,
DOMAIN,task_0005,Evaluated situations,2023-01-03T08:27:03,csa,2023-01-03T08:27:01,1.820,"[""Closed-ended questions not yet corrected""]",
MANAGEMENT,task_0005,"Removing from blackboard: ha_help_required with details [""csa"",""task_0005""]",2023-01-03T08:27:03,ht,,,,
MANAGEMENT,task_0005,Handed over task back to CA,2023-01-03T08:27:03,ht,,,,
MONITORING,,Number of HA assistance requests,2023-01-03T08:27:03,mona,,,4,
MANAGEMENT,task_0005,"Removing from blackboard: task_in_focus with details [ht,""task_0005""]",2023-01-03T08:27:03,ht,,,,
DOMAIN,task_0005,Initiating task evaluation,2023-01-03T08:27:03,csa,,,,
MANAGEMENT,task_0005,"Removing from blackboard: ha_help_required with details [""csa"",""task_0005""]",2023-01-03T08:27:03,ht,,,,
DOMAIN,task_0005,Evaluated situations,2023-01-03T08:27:04,csa,2023-01-03T08:27:02,2.080,"[""Closed-ended questions not yet corrected""]",
MANAGEMENT,task_0005,Initiating operation: Correct closed-ended questions,2023-01-03T08:27:04,csa,,,,
ENVIRONMENT,task_0005,New situation: Total points not counted,2023-01-03T08:27:14,task.TaskArtifact,,,,
DOMAIN,task_0005,Correct closed-ended questions,2023-01-03T08:27:14,csa,2023-01-03T08:27:04,10.400,SUCCESS,1.000
DOMAIN,task_0005,Initiating task evaluation,2023-01-03T08:27:14,csa,,,,
DOMAIN,task_0005,Evaluated situations,2023-01-03T08:27:15,csa,2023-01-03T08:27:14,1.300,"[""Total points not counted""]",
MANAGEMENT,task_0005,Initiating operation: Count total points,2023-01-03T08:27:15,csa,,,,
ENVIRONMENT,task_0005,Disposed: Correct exam paper,2023-01-03T08:27:19,task.TaskArtifact,2023-01-03T08:00:01,1637.350,COMPLETED,0.924
DOMAIN,task_0005,Count total points,2023-01-03T08:27:19,csa,2023-01-03T08:27:15,3.900,SUCCESS,1.000
MANAGEMENT,task_0006,"Adding to blackboard: task_in_focus with details [ht,""task_0006""]",2023-01-03T08:28:03,ht,,,,
DOMAIN,task_0006,Initiating task evaluation,2023-01-03T08:28:03,ht,,,,
DOMAIN,task_0006,Evaluated situations,2023-01-03T08:28:03,ht,2023-01-03T08:28:03,0.390,"[""Open-ended questions not yet corrected""]",
MANAGEMENT,task_0006,Initiating operation: Correct open-ended questions,2023-01-03T08:28:03,ht,,,,
DOMAIN,task_0006,Correct open-ended questions,2023-01-03T08:33:03,ht,2023-01-03T08:28:03,300.690,SUCCESS,0.970
MANAGEMENT,,"Adding to blackboard: csa_teaching_required with details [""csa"",""Open-ended questions not yet corrected"",""Correct open-ended questions""]",2023-01-03T08:33:04,ht,,,,
MANAGEMENT,task_0005,"Removing from blackboard: task_in_focus with details [csa,""task_0005""]",2023-01-03T08:33:04,csa,,,,
MANAGEMENT,task_0005,"Removing from blackboard: task_in_focus with details [csa,""task_0005""]",2023-01-03T08:33:04,csa,,,,
MANAGEMENT,task_0006,"Adding to blackboard: task_in_focus with details [csa,""task_0006""]",2023-01-03T08:33:04,csa,,,,
DOMAIN,task_0006,Reevaluating task with current knowledge,2023-01-03T08:33:04,csa,,,,
DOMAIN,task_0006,Initiating task evaluation,2023-01-03T08:33:04,csa,,,,
DOMAIN,task_0006,Evaluated situations,2023-01-03T08:33:05,csa,2023-01-03T08:33:04,1.560,"[""Closed-ended questions not yet corrected""]",
MANAGEMENT,task_0006,"Removing from blackboard: ha_help_required with details [""csa"",""task_0006""]",2023-01-03T08:33:05,ht,,,,
MANAGEMENT,task_0006,Handed over task back to CA,2023-01-03T08:33:05,ht,,,,
MONITORING,,Number of HA assistance requests,2023-01-03T08:33:05,mona,,,3,
MANAGEMENT,task_0006,"Removing from blackboard: task_in_focus with details [ht,""task_0006""]",2023-01-03T08:33:05,ht,,,,
DOMAIN,task_0006,Initiating task evaluation,2023-01-03T08:33:05,csa,,,,
MANAGEMENT,task_0006,"Removing from blackboard: ha_help_required with details [""csa"",""task_0006""]",2023-01-03T08:33:06,ht,,,,
DOMAIN,task_0006,Evaluated situations,2023-01-03T08:33:07,csa,2023-01-03T08:33:05,1.300,"[""Closed-ended questions not yet corrected""]",
MANAGEMENT,task_0006,Initiating operation: Correct closed-ended questions,2023-01-03T08:33:07,csa,,,,
ENVIRONMENT,task_0006,New situation: Total points not counted,2023-01-03T08:33:17,task.TaskArtifact,,,,
DOMAIN,task_0006,Correct closed-ended questions,2023-01-03T08:33:17,csa,2023-01-03T08:33:06,11.050,SUCCESS,1.000
DOMAIN,task_0006,Initiating task evaluation,2023-01-03T08:33:17,csa,,,,
DOMAIN,task_0006,Evaluated situations,2023-01-03T08:33:18,csa,2023-01-03T08:33:17,1.170,"[""Total points not counted""]",
MANAGEMENT,task_0006,Initiating operation: Count total points,2023-01-03T08:33:18,csa,,,,
ENVIRONMENT,task_0006,Disposed: Correct exam paper,2023-01-03T08:33:22,task.TaskArtifact,2023-01-03T08:00:01,2000.180,COMPLETED,0.901
DOMAIN,task_0006,Count total points,2023-01-03T08:33:22,csa,2023-01-03T08:33:18,3.770,SUCCESS,1.000
MANAGEMENT,task_0008,"Adding to blackboard: task_in_focus with details [ht,""task_0008""]",2023-01-03T08:34:06,ht,,,,
DOMAIN,task_0008,Initiating task evaluation,2023-01-03T08:34:06,ht,,,,
DOMAIN,task_0008,Evaluated situations,2023-01-03T08:34:06,ht,2023-01-03T08:34:06,0.260,"[""Open-ended questions not yet corrected""]",
MANAGEMENT,task_0008,Initiating operation: Correct open-ended questions,2023-01-03T08:34:06,ht,,,,
DOMAIN,task_0008,Correct open-ended questions,2023-01-03T08:39:06,ht,2023-01-03T08:34:06,300.560,SUCCESS,0.983
MANAGEMENT,,"Adding to blackboard: csa_teaching_required with details [""csa"",""Open-ended questions not yet corrected"",""Correct open-ended questions""]",2023-01-03T08:39:07,ht,,,,
MANAGEMENT,task_0006,"Removing from blackboard: task_in_focus with details [csa,""task_0006""]",2023-01-03T08:39:07,csa,,,,
MANAGEMENT,task_0006,"Removing from blackboard: task_in_focus with details [csa,""task_0006""]",2023-01-03T08:39:07,csa,,,,
MANAGEMENT,task_0008,"Adding to blackboard: task_in_focus with details [csa,""task_0008""]",2023-01-03T08:39:07,csa,,,,
DOMAIN,task_0008,Reevaluating task with current knowledge,2023-01-03T08:39:07,csa,,,,
DOMAIN,task_0008,Initiating task evaluation,2023-01-03T08:39:07,csa,,,,
DOMAIN,task_0008,Evaluated situations,2023-01-03T08:39:08,csa,2023-01-03T08:39:07,1.430,"[""Closed-ended questions not yet corrected""]",
MANAGEMENT,task_0008,"Removing from blackboard: ha_help_required with details [""csa"",""task_0008""]",2023-01-03T08:39:08,ht,,,,
MANAGEMENT,task_0008,Handed over task back to CA,2023-01-03T08:39:08,ht,,,,
MONITORING,,Number of HA assistance requests,2023-01-03T08:39:08,mona,,,2,
MANAGEMENT,task_0008,"Removing from blackboard: task_in_focus with details [ht,""task_0008""]",2023-01-03T08:39:08,ht,,,,
DOMAIN,task_0008,Initiating task evaluation,2023-01-03T08:39:09,csa,,,,
MANAGEMENT,task_0008,"Removing from blackboard: ha_help_required with details [""csa"",""task_0008""]",2023-01-03T08:39:09,ht,,,,
DOMAIN,task_0008,Evaluated situations,2023-01-03T08:39:10,csa,2023-01-03T08:39:08,1.820,"[""Closed-ended questions not yet corrected""]",
MANAGEMENT,task_0008,Initiating operation: Correct closed-ended questions,2023-01-03T08:39:10,csa,,,,
ENVIRONMENT,task_0008,New situation: Total points not counted,2023-01-03T08:39:20,task.TaskArtifact,,,,
DOMAIN,task_0008,Correct closed-ended questions,2023-01-03T08:39:20,csa,2023-01-03T08:39:10,10.530,SUCCESS,1.000
DOMAIN,task_0008,Initiating task evaluation,2023-01-03T08:39:20,csa,,,,
DOMAIN,task_0008,Evaluated situations,2023-01-03T08:39:22,csa,2023-01-03T08:39:19,2.340,"[""Total points not counted""]",
MANAGEMENT,task_0008,Initiating operation: Count total points,2023-01-03T08:39:22,csa,,,,
ENVIRONMENT,task_0008,Disposed: Correct exam paper,2023-01-03T08:39:25,task.TaskArtifact,2023-01-03T08:00:02,2363.010,COMPLETED,0.913
DOMAIN,task_0008,Count total points,2023-01-03T08:39:25,csa,2023-01-03T08:39:21,3.770,SUCCESS,1.000
MANAGEMENT,task_0012,"Adding to blackboard: task_in_focus with details [ht,""task_0012""]",2023-01-03T08:40:09,ht,,,,
DOMAIN,task_0012,Initiating task evaluation,2023-01-03T08:40:09,ht,,,,
DOMAIN,task_0012,Evaluated situations,2023-01-03T08:40:09,ht,2023-01-03T08:40:08,0.520,"[""Open-ended questions not yet corrected""]",
MANAGEMENT,task_0012,Initiating operation: Correct open-ended questions,2023-01-03T08:40:09,ht,,,,
DOMAIN,task_0012,Correct open-ended questions,2023-01-03T08:45:10,ht,2023-01-03T08:40:08,301.210,SUCCESS,0.997
MANAGEMENT,,"Adding to blackboard: csa_teaching_required with details [""csa"",""Open-ended questions not yet corrected"",""Correct open-ended questions""]",2023-01-03T08:45:10,ht,,,,
MANAGEMENT,task_0008,"Removing from blackboard: task_in_focus with details [csa,""task_0008""]",2023-01-03T08:45:10,csa,,,,
MANAGEMENT,task_0008,"Removing from blackboard: task_in_focus with details [csa,""task_0008""]",2023-01-03T08:45:10,csa,,,,
MANAGEMENT,task_0012,"Adding to blackboard: task_in_focus with details [csa,""task_0012""]",2023-01-03T08:45:10,csa,,,,
DOMAIN,task_0012,Reevaluating task with current knowledge,2023-01-03T08:45:10,csa,,,,
DOMAIN,task_0012,Initiating task evaluation,2023-01-03T08:45:10,csa,,,,
DOMAIN,task_0012,Evaluated situations,2023-01-03T08:45:12,csa,2023-01-03T08:45:10,1.820,"[""Closed-ended questions not yet corrected""]",
MANAGEMENT,task_0012,"Removing from blackboard: ha_help_required with details [""csa"",""task_0012""]",2023-01-03T08:45:12,ht,,,,
MANAGEMENT,task_0012,Handed over task back to CA,2023-01-03T08:45:12,ht,,,,
MONITORING,,Number of HA assistance requests,2023-01-03T08:45:12,mona,,,1,
MANAGEMENT,task_0012,"Removing from blackboard: task_in_focus with details [ht,""task_0012""]",2023-01-03T08:45:12,ht,,,,
DOMAIN,task_0012,Initiating task evaluation,2023-01-03T08:45:12,csa,,,,
MANAGEMENT,task_0012,"Removing from blackboard: ha_help_required with details [""csa"",""task_0012""]",2023-01-03T08:45:12,ht,,,,
DOMAIN,task_0012,Evaluated situations,2023-01-03T08:45:13,csa,2023-01-03T08:45:12,1.300,"[""Closed-ended questions not yet corrected""]",
MANAGEMENT,task_0012,Initiating operation: Correct closed-ended questions,2023-01-03T08:45:13,csa,,,,
ENVIRONMENT,task_0012,New situation: Total points not counted,2023-01-03T08:45:24,task.TaskArtifact,,,,
DOMAIN,task_0012,Correct closed-ended questions,2023-01-03T08:45:24,csa,2023-01-03T08:45:13,11.180,SUCCESS,1.000
DOMAIN,task_0012,Initiating task evaluation,2023-01-03T08:45:24,csa,,,,
DOMAIN,task_0012,Evaluated situations,2023-01-03T08:45:25,csa,2023-01-03T08:45:24,1.430,"[""Total points not counted""]",
MANAGEMENT,task_0012,Initiating operation: Count total points,2023-01-03T08:45:25,csa,,,,
ENVIRONMENT,task_0012,Disposed: Correct exam paper,2023-01-03T08:45:28,task.TaskArtifact,2023-01-03T08:00:03,2725.450,COMPLETED,0.931
DOMAIN,task_0012,Count total points,2023-01-03T08:45:28,csa,2023-01-03T08:45:24,4.030,SUCCESS,1.000
MANAGEMENT,task_0015,"Adding to blackboard: task_in_focus with details [ht,""task_0015""]",2023-01-03T08:46:12,ht,,,,
DOMAIN,task_0015,Initiating task evaluation,2023-01-03T08:46:12,ht,,,,
DOMAIN,task_0015,Evaluated situations,2023-01-03T08:46:12,ht,2023-01-03T08:46:12,0.520,"[""Open-ended questions not yet corrected""]",
MANAGEMENT,task_0015,Initiating operation: Correct open-ended questions,2023-01-03T08:46:12,ht,,,,
DOMAIN,task_0015,Correct open-ended questions,2023-01-03T08:51:13,ht,2023-01-03T08:46:12,300.690,SUCCESS,0.975
MANAGEMENT,,"Adding to blackboard: csa_teaching_required with details [""csa"",""Open-ended questions not yet corrected"",""Correct open-ended questions""]",2023-01-03T08:51:13,ht,,,,
MANAGEMENT,task_0012,"Removing from blackboard: task_in_focus with details [csa,""task_0012""]",2023-01-03T08:51:13,csa,,,,
MANAGEMENT,task_0012,"Removing from blackboard: task_in_focus with details [csa,""task_0012""]",2023-01-03T08:51:13,csa,,,,
MANAGEMENT,task_0015,"Adding to blackboard: task_in_focus with details [csa,""task_0015""]",2023-01-03T08:51:13,csa,,,,
DOMAIN,task_0015,Reevaluating task with current knowledge,2023-01-03T08:51:13,csa,,,,
DOMAIN,task_0015,Initiating task evaluation,2023-01-03T08:51:13,csa,,,,
DOMAIN,task_0015,Evaluated situations,2023-01-03T08:51:14,csa,2023-01-03T08:51:12,1.950,"[""Closed-ended questions not yet corrected""]",
MANAGEMENT,task_0015,"Removing from blackboard: ha_help_required with details [""csa"",""task_0015""]",2023-01-03T08:51:15,ht,,,,
MANAGEMENT,task_0015,Handed over task back to CA,2023-01-03T08:51:15,ht,,,,
MONITORING,,Number of HA assistance requests,2023-01-03T08:51:15,mona,,,0,
MANAGEMENT,task_0015,"Removing from blackboard: task_in_focus with details [ht,""task_0015""]",2023-01-03T08:51:15,ht,,,,
DOMAIN,task_0015,Initiating task evaluation,2023-01-03T08:51:15,csa,,,,
MANAGEMENT,task_0015,"Removing from blackboard: ha_help_required with details [""csa"",""task_0015""]",2023-01-03T08:51:15,ht,,,,
DOMAIN,task_0015,Evaluated situations,2023-01-03T08:51:16,csa,2023-01-03T08:51:14,1.300,"[""Closed-ended questions not yet corrected""]",
MANAGEMENT,task_0015,Initiating operation: Correct closed-ended questions,2023-01-03T08:51:16,csa,,,,
ENVIRONMENT,task_0015,New situation: Total points not counted,2023-01-03T08:51:27,task.TaskArtifact,,,,
DOMAIN,task_0015,Correct closed-ended questions,2023-01-03T08:51:27,csa,2023-01-03T08:51:15,11.440,SUCCESS,1.000
DOMAIN,task_0015,Initiating task evaluation,2023-01-03T08:51:27,csa,,,,
DOMAIN,task_0015,Evaluated situations,2023-01-03T08:51:28,csa,2023-01-03T08:51:27,1.300,"[""Total points not counted""]",
MANAGEMENT,task_0015,Initiating operation: Count total points,2023-01-03T08:51:28,csa,,,,
ENVIRONMENT,task_0015,Disposed: Correct exam paper,2023-01-03T08:51:31,task.TaskArtifact,2023-01-03T08:00:03,3087.760,COMPLETED,0.917
DOMAIN,task_0015,Count total points,2023-01-03T08:51:31,csa,2023-01-03T08:51:28,3.510,SUCCESS,1.000
MANAGEMENT,,Unable to teach csa new situation (Open-ended questions not yet corrected),2023-01-03T08:52:15,ht,,,,
MANAGEMENT,,"Removing from blackboard: csa_teaching_required with details [""csa"",""Open-ended questions not yet corrected"",""Correct open-ended questions""]",2023-01-03T08:52:15,ht,,,,
MONITORING,,Number of CSA teaching requests,2023-01-03T08:52:15,mona,,,0,
MANAGEMENT,,Starting break,2023-01-03T08:52:15,ht,,,,
